rate_date,currency,rate_to_gbp
2022-01-01,GBP,1.0
2022-01-01,EUR,0.840577
2022-01-02,GBP,1.0
2022-01-02,EUR,0.841104
2022-01-03,GBP,1.0
2022-01-03,EUR,0.841693
2022-01-04,GBP,1.0
2022-01-04,EUR,0.843241
2022-01-05,GBP,1.0
2022-01-05,EUR,0.84373
2022-01-06,GBP,1.0
2022-01-06,EUR,0.842564
2022-01-07,GBP,1.0
2022-01-07,EUR,0.843666
2022-01-08,GBP,1.0
2022-01-08,EUR,0.844007
2022-01-09,GBP,1.0
2022-01-09,EUR,0.844404
2022-01-10,GBP,1.0
2022-01-10,EUR,0.845194
2022-01-11,GBP,1.0
2022-01-11,EUR,0.846098
2022-01-12,GBP,1.0
2022-01-12,EUR,0.848088
2022-01-13,GBP,1.0
2022-01-13,EUR,0.849384
2022-01-14,GBP,1.0
2022-01-14,EUR,0.849972
2022-01-15,GBP,1.0
2022-01-15,EUR,0.849526
2022-01-16,GBP,1.0
2022-01-16,EUR,0.848784
2022-01-17,GBP,1.0
2022-01-17,EUR,0.849606
2022-01-18,GBP,1.0
2022-01-18,EUR,0.851677
2022-01-19,GBP,1.0
2022-01-19,EUR,0.852135
2022-01-20,GBP,1.0
2022-01-20,EUR,0.852405
2022-01-21,GBP,1.0
2022-01-21,EUR,0.853441
2022-01-22,GBP,1.0
2022-01-22,EUR,0.852056
2022-01-23,GBP,1.0
2022-01-23,EUR,0.852122
2022-01-24,GBP,1.0
2022-01-24,EUR,0.853162
2022-01-25,GBP,1.0
2022-01-25,EUR,0.854622
2022-01-26,GBP,1.0
2022-01-26,EUR,0.854685
2022-01-27,GBP,1.0
2022-01-27,EUR,0.855498
2022-01-28,GBP,1.0
2022-01-28,EUR,0.85613
2022-01-29,GBP,1.0
2022-01-29,EUR,0.857383
2022-01-30,GBP,1.0
2022-01-30,EUR,0.856312
2022-01-31,GBP,1.0
2022-01-31,EUR,0.857325
2022-02-01,GBP,1.0
2022-02-01,EUR,0.8558
2022-02-02,GBP,1.0
2022-02-02,EUR,0.853038
2022-02-03,GBP,1.0
2022-02-03,EUR,0.852842
2022-02-04,GBP,1.0
2022-02-04,EUR,0.852297
2022-02-05,GBP,1.0
2022-02-05,EUR,0.853942
2022-02-06,GBP,1.0
2022-02-06,EUR,0.855263
2022-02-07,GBP,1.0
2022-02-07,EUR,0.85427
2022-02-08,GBP,1.0
2022-02-08,EUR,0.855818
2022-02-09,GBP,1.0
2022-02-09,EUR,0.855081
2022-02-10,GBP,1.0
2022-02-10,EUR,0.855493
2022-02-11,GBP,1.0
2022-02-11,EUR,0.855646
2022-02-12,GBP,1.0
2022-02-12,EUR,0.856293
2022-02-13,GBP,1.0
2022-02-13,EUR,0.857765
2022-02-14,GBP,1.0
2022-02-14,EUR,0.858959
2022-02-15,GBP,1.0
2022-02-15,EUR,0.859758
2022-02-16,GBP,1.0
2022-02-16,EUR,0.860888
2022-02-17,GBP,1.0
2022-02-17,EUR,0.861768
2022-02-18,GBP,1.0
2022-02-18,EUR,0.861288
2022-02-19,GBP,1.0
2022-02-19,EUR,0.860735
2022-02-20,GBP,1.0
2022-02-20,EUR,0.860517
2022-02-21,GBP,1.0
2022-02-21,EUR,0.861484
2022-02-22,GBP,1.0
2022-02-22,EUR,0.861514
2022-02-23,GBP,1.0
2022-02-23,EUR,0.864657
2022-02-24,GBP,1.0
2022-02-24,EUR,0.863867
2022-02-25,GBP,1.0
2022-02-25,EUR,0.862791
2022-02-26,GBP,1.0
2022-02-26,EUR,0.864021
2022-02-27,GBP,1.0
2022-02-27,EUR,0.865983
2022-02-28,GBP,1.0
2022-02-28,EUR,0.866758
2022-03-01,GBP,1.0
2022-03-01,EUR,0.8679
2022-03-02,GBP,1.0
2022-03-02,EUR,0.869704
2022-03-03,GBP,1.0
2022-03-03,EUR,0.869603
2022-03-04,GBP,1.0
2022-03-04,EUR,0.867922
2022-03-05,GBP,1.0
2022-03-05,EUR,0.867403
2022-03-06,GBP,1.0
2022-03-06,EUR,0.868702
2022-03-07,GBP,1.0
2022-03-07,EUR,0.867069
2022-03-08,GBP,1.0
2022-03-08,EUR,0.8673
2022-03-09,GBP,1.0
2022-03-09,EUR,0.867792
2022-03-10,GBP,1.0
2022-03-10,EUR,0.867586
2022-03-11,GBP,1.0
2022-03-11,EUR,0.868646
2022-03-12,GBP,1.0
2022-03-12,EUR,0.86949
2022-03-13,GBP,1.0
2022-03-13,EUR,0.87239
2022-03-14,GBP,1.0
2022-03-14,EUR,0.873111
2022-03-15,GBP,1.0
2022-03-15,EUR,0.872329
2022-03-16,GBP,1.0
2022-03-16,EUR,0.871651
2022-03-17,GBP,1.0
2022-03-17,EUR,0.870692
2022-03-18,GBP,1.0
2022-03-18,EUR,0.871929
2022-03-19,GBP,1.0
2022-03-19,EUR,0.871289
2022-03-20,GBP,1.0
2022-03-20,EUR,0.871285
2022-03-21,GBP,1.0
2022-03-21,EUR,0.872272
2022-03-22,GBP,1.0
2022-03-22,EUR,0.871449
2022-03-23,GBP,1.0
2022-03-23,EUR,0.871191
2022-03-24,GBP,1.0
2022-03-24,EUR,0.869095
2022-03-25,GBP,1.0
2022-03-25,EUR,0.868022
2022-03-26,GBP,1.0
2022-03-26,EUR,0.867626
2022-03-27,GBP,1.0
2022-03-27,EUR,0.868438
2022-03-28,GBP,1.0
2022-03-28,EUR,0.870148
2022-03-29,GBP,1.0
2022-03-29,EUR,0.870325
2022-03-30,GBP,1.0
2022-03-30,EUR,0.870835
2022-03-31,GBP,1.0
2022-03-31,EUR,0.871214
2022-04-01,GBP,1.0
2022-04-01,EUR,0.872679
2022-04-02,GBP,1.0
2022-04-02,EUR,0.873847
2022-04-03,GBP,1.0
2022-04-03,EUR,0.874219
2022-04-04,GBP,1.0
2022-04-04,EUR,0.873036
2022-04-05,GBP,1.0
2022-04-05,EUR,0.874215
2022-04-06,GBP,1.0
2022-04-06,EUR,0.874713
2022-04-07,GBP,1.0
2022-04-07,EUR,0.876207
2022-04-08,GBP,1.0
2022-04-08,EUR,0.876122
2022-04-09,GBP,1.0
2022-04-09,EUR,0.878425
2022-04-10,GBP,1.0
2022-04-10,EUR,0.877844
2022-04-11,GBP,1.0
2022-04-11,EUR,0.879638
2022-04-12,GBP,1.0
2022-04-12,EUR,0.879573
2022-04-13,GBP,1.0
2022-04-13,EUR,0.878758
2022-04-14,GBP,1.0
2022-04-14,EUR,0.877253
2022-04-15,GBP,1.0
2022-04-15,EUR,0.877
2022-04-16,GBP,1.0
2022-04-16,EUR,0.878652
2022-04-17,GBP,1.0
2022-04-17,EUR,0.879496
2022-04-18,GBP,1.0
2022-04-18,EUR,0.880149
2022-04-19,GBP,1.0
2022-04-19,EUR,0.877094
2022-04-20,GBP,1.0
2022-04-20,EUR,0.877899
2022-04-21,GBP,1.0
2022-04-21,EUR,0.878481
2022-04-22,GBP,1.0
2022-04-22,EUR,0.877709
2022-04-23,GBP,1.0
2022-04-23,EUR,0.876885
2022-04-24,GBP,1.0
2022-04-24,EUR,0.876854
2022-04-25,GBP,1.0
2022-04-25,EUR,0.8789
2022-04-26,GBP,1.0
2022-04-26,EUR,0.877509
2022-04-27,GBP,1.0
2022-04-27,EUR,0.876943
2022-04-28,GBP,1.0
2022-04-28,EUR,0.878554
2022-04-29,GBP,1.0
2022-04-29,EUR,0.877916
2022-04-30,GBP,1.0
2022-04-30,EUR,0.87741
2022-05-01,GBP,1.0
2022-05-01,EUR,0.877484
2022-05-02,GBP,1.0
2022-05-02,EUR,0.875949
2022-05-03,GBP,1.0
2022-05-03,EUR,0.876245
2022-05-04,GBP,1.0
2022-05-04,EUR,0.874812
2022-05-05,GBP,1.0
2022-05-05,EUR,0.875964
2022-05-06,GBP,1.0
2022-05-06,EUR,0.876
2022-05-07,GBP,1.0
2022-05-07,EUR,0.878771
2022-05-08,GBP,1.0
2022-05-08,EUR,0.879001
2022-05-09,GBP,1.0
2022-05-09,EUR,0.88052
2022-05-10,GBP,1.0
2022-05-10,EUR,0.878761
2022-05-11,GBP,1.0
2022-05-11,EUR,0.878506
2022-05-12,GBP,1.0
2022-05-12,EUR,0.878798
2022-05-13,GBP,1.0
2022-05-13,EUR,0.880781
2022-05-14,GBP,1.0
2022-05-14,EUR,0.878552
2022-05-15,GBP,1.0
2022-05-15,EUR,0.87964
2022-05-16,GBP,1.0
2022-05-16,EUR,0.880192
2022-05-17,GBP,1.0
2022-05-17,EUR,0.881847
2022-05-18,GBP,1.0
2022-05-18,EUR,0.882431
2022-05-19,GBP,1.0
2022-05-19,EUR,0.882192
2022-05-20,GBP,1.0
2022-05-20,EUR,0.881274
2022-05-21,GBP,1.0
2022-05-21,EUR,0.879529
2022-05-22,GBP,1.0
2022-05-22,EUR,0.879601
2022-05-23,GBP,1.0
2022-05-23,EUR,0.879202
2022-05-24,GBP,1.0
2022-05-24,EUR,0.881475
2022-05-25,GBP,1.0
2022-05-25,EUR,0.880474
2022-05-26,GBP,1.0
2022-05-26,EUR,0.880638
2022-05-27,GBP,1.0
2022-05-27,EUR,0.878524
2022-05-28,GBP,1.0
2022-05-28,EUR,0.87792
2022-05-29,GBP,1.0
2022-05-29,EUR,0.878131
2022-05-30,GBP,1.0
2022-05-30,EUR,0.879003
2022-05-31,GBP,1.0
2022-05-31,EUR,0.880577
2022-06-01,GBP,1.0
2022-06-01,EUR,0.880278
2022-06-02,GBP,1.0
2022-06-02,EUR,0.878703
2022-06-03,GBP,1.0
2022-06-03,EUR,0.879092
2022-06-04,GBP,1.0
2022-06-04,EUR,0.879528
2022-06-05,GBP,1.0
2022-06-05,EUR,0.879908
2022-06-06,GBP,1.0
2022-06-06,EUR,0.878834
2022-06-07,GBP,1.0
2022-06-07,EUR,0.880009
2022-06-08,GBP,1.0
2022-06-08,EUR,0.879866
2022-06-09,GBP,1.0
2022-06-09,EUR,0.88046
2022-06-10,GBP,1.0
2022-06-10,EUR,0.881708
2022-06-11,GBP,1.0
2022-06-11,EUR,0.882091
2022-06-12,GBP,1.0
2022-06-12,EUR,0.882062
2022-06-13,GBP,1.0
2022-06-13,EUR,0.884268
2022-06-14,GBP,1.0
2022-06-14,EUR,0.884068
2022-06-15,GBP,1.0
2022-06-15,EUR,0.883224
2022-06-16,GBP,1.0
2022-06-16,EUR,0.882906
2022-06-17,GBP,1.0
2022-06-17,EUR,0.884243
2022-06-18,GBP,1.0
2022-06-18,EUR,0.88387
2022-06-19,GBP,1.0
2022-06-19,EUR,0.88399
2022-06-20,GBP,1.0
2022-06-20,EUR,0.88491
2022-06-21,GBP,1.0
2022-06-21,EUR,0.883726
2022-06-22,GBP,1.0
2022-06-22,EUR,0.881139
2022-06-23,GBP,1.0
2022-06-23,EUR,0.881105
2022-06-24,GBP,1.0
2022-06-24,EUR,0.880983
2022-06-25,GBP,1.0
2022-06-25,EUR,0.879854
2022-06-26,GBP,1.0
2022-06-26,EUR,0.88055
2022-06-27,GBP,1.0
2022-06-27,EUR,0.880887
2022-06-28,GBP,1.0
2022-06-28,EUR,0.879277
2022-06-29,GBP,1.0
2022-06-29,EUR,0.879556
2022-06-30,GBP,1.0
2022-06-30,EUR,0.878956
2022-07-01,GBP,1.0
2022-07-01,EUR,0.876834
2022-07-02,GBP,1.0
2022-07-02,EUR,0.877134
2022-07-03,GBP,1.0
2022-07-03,EUR,0.876813
2022-07-04,GBP,1.0
2022-07-04,EUR,0.875659
2022-07-05,GBP,1.0
2022-07-05,EUR,0.876077
2022-07-06,GBP,1.0
2022-07-06,EUR,0.876425
2022-07-07,GBP,1.0
2022-07-07,EUR,0.875467
2022-07-08,GBP,1.0
2022-07-08,EUR,0.875723
2022-07-09,GBP,1.0
2022-07-09,EUR,0.876695
2022-07-10,GBP,1.0
2022-07-10,EUR,0.875536
2022-07-11,GBP,1.0
2022-07-11,EUR,0.875739
2022-07-12,GBP,1.0
2022-07-12,EUR,0.875469
2022-07-13,GBP,1.0
2022-07-13,EUR,0.877919
2022-07-14,GBP,1.0
2022-07-14,EUR,0.875284
2022-07-15,GBP,1.0
2022-07-15,EUR,0.875841
2022-07-16,GBP,1.0
2022-07-16,EUR,0.875159
2022-07-17,GBP,1.0
2022-07-17,EUR,0.874749
2022-07-18,GBP,1.0
2022-07-18,EUR,0.876752
2022-07-19,GBP,1.0
2022-07-19,EUR,0.876354
2022-07-20,GBP,1.0
2022-07-20,EUR,0.878665
2022-07-21,GBP,1.0
2022-07-21,EUR,0.877631
2022-07-22,GBP,1.0
2022-07-22,EUR,0.877591
2022-07-23,GBP,1.0
2022-07-23,EUR,0.876533
2022-07-24,GBP,1.0
2022-07-24,EUR,0.875278
2022-07-25,GBP,1.0
2022-07-25,EUR,0.87498
2022-07-26,GBP,1.0
2022-07-26,EUR,0.874273
2022-07-27,GBP,1.0
2022-07-27,EUR,0.874174
2022-07-28,GBP,1.0
2022-07-28,EUR,0.8713
2022-07-29,GBP,1.0
2022-07-29,EUR,0.873489
2022-07-30,GBP,1.0
2022-07-30,EUR,0.872954
2022-07-31,GBP,1.0
2022-07-31,EUR,0.874728
2022-08-01,GBP,1.0
2022-08-01,EUR,0.873103
2022-08-02,GBP,1.0
2022-08-02,EUR,0.873109
2022-08-03,GBP,1.0
2022-08-03,EUR,0.876551
2022-08-04,GBP,1.0
2022-08-04,EUR,0.874968
2022-08-05,GBP,1.0
2022-08-05,EUR,0.872703
2022-08-06,GBP,1.0
2022-08-06,EUR,0.87168
2022-08-07,GBP,1.0
2022-08-07,EUR,0.87192
2022-08-08,GBP,1.0
2022-08-08,EUR,0.872402
2022-08-09,GBP,1.0
2022-08-09,EUR,0.873566
2022-08-10,GBP,1.0
2022-08-10,EUR,0.872804
2022-08-11,GBP,1.0
2022-08-11,EUR,0.870455
2022-08-12,GBP,1.0
2022-08-12,EUR,0.869614
2022-08-13,GBP,1.0
2022-08-13,EUR,0.870814
2022-08-14,GBP,1.0
2022-08-14,EUR,0.871013
2022-08-15,GBP,1.0
2022-08-15,EUR,0.868285
2022-08-16,GBP,1.0
2022-08-16,EUR,0.867989
2022-08-17,GBP,1.0
2022-08-17,EUR,0.869416
2022-08-18,GBP,1.0
2022-08-18,EUR,0.871635
2022-08-19,GBP,1.0
2022-08-19,EUR,0.871854
2022-08-20,GBP,1.0
2022-08-20,EUR,0.871748
2022-08-21,GBP,1.0
2022-08-21,EUR,0.869777
2022-08-22,GBP,1.0
2022-08-22,EUR,0.86837
2022-08-23,GBP,1.0
2022-08-23,EUR,0.868091
2022-08-24,GBP,1.0
2022-08-24,EUR,0.868362
2022-08-25,GBP,1.0
2022-08-25,EUR,0.868701
2022-08-26,GBP,1.0
2022-08-26,EUR,0.867741
2022-08-27,GBP,1.0
2022-08-27,EUR,0.866011
2022-08-28,GBP,1.0
2022-08-28,EUR,0.864804
2022-08-29,GBP,1.0
2022-08-29,EUR,0.863192
2022-08-30,GBP,1.0
2022-08-30,EUR,0.86381
2022-08-31,GBP,1.0
2022-08-31,EUR,0.860839
2022-09-01,GBP,1.0
2022-09-01,EUR,0.86038
2022-09-02,GBP,1.0
2022-09-02,EUR,0.860874
2022-09-03,GBP,1.0
2022-09-03,EUR,0.862618
2022-09-04,GBP,1.0
2022-09-04,EUR,0.862523
2022-09-05,GBP,1.0
2022-09-05,EUR,0.863537
2022-09-06,GBP,1.0
2022-09-06,EUR,0.86281
2022-09-07,GBP,1.0
2022-09-07,EUR,0.861694
2022-09-08,GBP,1.0
2022-09-08,EUR,0.860706
2022-09-09,GBP,1.0
2022-09-09,EUR,0.862399
2022-09-10,GBP,1.0
2022-09-10,EUR,0.863357
2022-09-11,GBP,1.0
2022-09-11,EUR,0.863648
2022-09-12,GBP,1.0
2022-09-12,EUR,0.867325
2022-09-13,GBP,1.0
2022-09-13,EUR,0.866773
2022-09-14,GBP,1.0
2022-09-14,EUR,0.86702
2022-09-15,GBP,1.0
2022-09-15,EUR,0.866869
2022-09-16,GBP,1.0
2022-09-16,EUR,0.86608
2022-09-17,GBP,1.0
2022-09-17,EUR,0.868365
2022-09-18,GBP,1.0
2022-09-18,EUR,0.869554
2022-09-19,GBP,1.0
2022-09-19,EUR,0.867185
2022-09-20,GBP,1.0
2022-09-20,EUR,0.866124
2022-09-21,GBP,1.0
2022-09-21,EUR,0.8661
2022-09-22,GBP,1.0
2022-09-22,EUR,0.866492
2022-09-23,GBP,1.0
2022-09-23,EUR,0.864296
2022-09-24,GBP,1.0
2022-09-24,EUR,0.861112
2022-09-25,GBP,1.0
2022-09-25,EUR,0.858495
2022-09-26,GBP,1.0
2022-09-26,EUR,0.858201
2022-09-27,GBP,1.0
2022-09-27,EUR,0.857874
2022-09-28,GBP,1.0
2022-09-28,EUR,0.858091
2022-09-29,GBP,1.0
2022-09-29,EUR,0.856949
2022-09-30,GBP,1.0
2022-09-30,EUR,0.855309
2022-10-01,GBP,1.0
2022-10-01,EUR,0.852783
2022-10-02,GBP,1.0
2022-10-02,EUR,0.853196
2022-10-03,GBP,1.0
2022-10-03,EUR,0.853627
2022-10-04,GBP,1.0
2022-10-04,EUR,0.854775
2022-10-05,GBP,1.0
2022-10-05,EUR,0.855614
2022-10-06,GBP,1.0
2022-10-06,EUR,0.855223
2022-10-07,GBP,1.0
2022-10-07,EUR,0.85669
2022-10-08,GBP,1.0
2022-10-08,EUR,0.856292
2022-10-09,GBP,1.0
2022-10-09,EUR,0.855276
2022-10-10,GBP,1.0
2022-10-10,EUR,0.854469
2022-10-11,GBP,1.0
2022-10-11,EUR,0.853617
2022-10-12,GBP,1.0
2022-10-12,EUR,0.850901
2022-10-13,GBP,1.0
2022-10-13,EUR,0.851099
2022-10-14,GBP,1.0
2022-10-14,EUR,0.85139
2022-10-15,GBP,1.0
2022-10-15,EUR,0.850923
2022-10-16,GBP,1.0
2022-10-16,EUR,0.85005
2022-10-17,GBP,1.0
2022-10-17,EUR,0.850514
2022-10-18,GBP,1.0
2022-10-18,EUR,0.852561
2022-10-19,GBP,1.0
2022-10-19,EUR,0.852483
2022-10-20,GBP,1.0
2022-10-20,EUR,0.851746
2022-10-21,GBP,1.0
2022-10-21,EUR,0.850937
2022-10-22,GBP,1.0
2022-10-22,EUR,0.850786
2022-10-23,GBP,1.0
2022-10-23,EUR,0.849201
2022-10-24,GBP,1.0
2022-10-24,EUR,0.849055
2022-10-25,GBP,1.0
2022-10-25,EUR,0.849133
2022-10-26,GBP,1.0
2022-10-26,EUR,0.851339
2022-10-27,GBP,1.0
2022-10-27,EUR,0.852346
2022-10-28,GBP,1.0
2022-10-28,EUR,0.853404
2022-10-29,GBP,1.0
2022-10-29,EUR,0.852306
2022-10-30,GBP,1.0
2022-10-30,EUR,0.852915
2022-10-31,GBP,1.0
2022-10-31,EUR,0.851315
2022-11-01,GBP,1.0
2022-11-01,EUR,0.851531
2022-11-02,GBP,1.0
2022-11-02,EUR,0.851857
2022-11-03,GBP,1.0
2022-11-03,EUR,0.850737
2022-11-04,GBP,1.0
2022-11-04,EUR,0.852987
2022-11-05,GBP,1.0
2022-11-05,EUR,0.853399
2022-11-06,GBP,1.0
2022-11-06,EUR,0.85082
2022-11-07,GBP,1.0
2022-11-07,EUR,0.851311
2022-11-08,GBP,1.0
2022-11-08,EUR,0.850619
2022-11-09,GBP,1.0
2022-11-09,EUR,0.850446
2022-11-10,GBP,1.0
2022-11-10,EUR,0.850834
2022-11-11,GBP,1.0
2022-11-11,EUR,0.851106
2022-11-12,GBP,1.0
2022-11-12,EUR,0.848444
2022-11-13,GBP,1.0
2022-11-13,EUR,0.846967
2022-11-14,GBP,1.0
2022-11-14,EUR,0.847875
2022-11-15,GBP,1.0
2022-11-15,EUR,0.849367
2022-11-16,GBP,1.0
2022-11-16,EUR,0.851503
2022-11-17,GBP,1.0
2022-11-17,EUR,0.853406
2022-11-18,GBP,1.0
2022-11-18,EUR,0.85058
2022-11-19,GBP,1.0
2022-11-19,EUR,0.85128
2022-11-20,GBP,1.0
2022-11-20,EUR,0.848718
2022-11-21,GBP,1.0
2022-11-21,EUR,0.850516
2022-11-22,GBP,1.0
2022-11-22,EUR,0.850588
2022-11-23,GBP,1.0
2022-11-23,EUR,0.848979
2022-11-24,GBP,1.0
2022-11-24,EUR,0.851228
2022-11-25,GBP,1.0
2022-11-25,EUR,0.851721
2022-11-26,GBP,1.0
2022-11-26,EUR,0.849145
2022-11-27,GBP,1.0
2022-11-27,EUR,0.849315
2022-11-28,GBP,1.0
2022-11-28,EUR,0.848244
2022-11-29,GBP,1.0
2022-11-29,EUR,0.848235
2022-11-30,GBP,1.0
2022-11-30,EUR,0.847531
2022-12-01,GBP,1.0
2022-12-01,EUR,0.849067
2022-12-02,GBP,1.0
2022-12-02,EUR,0.847167
2022-12-03,GBP,1.0
2022-12-03,EUR,0.847448
2022-12-04,GBP,1.0
2022-12-04,EUR,0.849509
2022-12-05,GBP,1.0
2022-12-05,EUR,0.848296
2022-12-06,GBP,1.0
2022-12-06,EUR,0.848386
2022-12-07,GBP,1.0
2022-12-07,EUR,0.84846
2022-12-08,GBP,1.0
2022-12-08,EUR,0.847458
2022-12-09,GBP,1.0
2022-12-09,EUR,0.84811
2022-12-10,GBP,1.0
2022-12-10,EUR,0.848067
2022-12-11,GBP,1.0
2022-12-11,EUR,0.846776
2022-12-12,GBP,1.0
2022-12-12,EUR,0.848796
2022-12-13,GBP,1.0
2022-12-13,EUR,0.849549
2022-12-14,GBP,1.0
2022-12-14,EUR,0.849113
2022-12-15,GBP,1.0
2022-12-15,EUR,0.848135
2022-12-16,GBP,1.0
2022-12-16,EUR,0.847028
2022-12-17,GBP,1.0
2022-12-17,EUR,0.848395
2022-12-18,GBP,1.0
2022-12-18,EUR,0.84804
2022-12-19,GBP,1.0
2022-12-19,EUR,0.84843
2022-12-20,GBP,1.0
2022-12-20,EUR,0.848028
2022-12-21,GBP,1.0
2022-12-21,EUR,0.848608
2022-12-22,GBP,1.0
2022-12-22,EUR,0.84828
2022-12-23,GBP,1.0
2022-12-23,EUR,0.849025
2022-12-24,GBP,1.0
2022-12-24,EUR,0.848597
2022-12-25,GBP,1.0
2022-12-25,EUR,0.849407
2022-12-26,GBP,1.0
2022-12-26,EUR,0.849989
2022-12-27,GBP,1.0
2022-12-27,EUR,0.849596
2022-12-28,GBP,1.0
2022-12-28,EUR,0.848332
2022-12-29,GBP,1.0
2022-12-29,EUR,0.847037
2022-12-30,GBP,1.0
2022-12-30,EUR,0.846048
2022-12-31,GBP,1.0
2022-12-31,EUR,0.844817
2023-01-01,GBP,1.0
2023-01-01,EUR,0.84587
2023-01-02,GBP,1.0
2023-01-02,EUR,0.845778
2023-01-03,GBP,1.0
2023-01-03,EUR,0.847633
2023-01-04,GBP,1.0
2023-01-04,EUR,0.850249
2023-01-05,GBP,1.0
2023-01-05,EUR,0.85003
2023-01-06,GBP,1.0
2023-01-06,EUR,0.847938
2023-01-07,GBP,1.0
2023-01-07,EUR,0.847354
2023-01-08,GBP,1.0
2023-01-08,EUR,0.84717
2023-01-09,GBP,1.0
2023-01-09,EUR,0.845302
2023-01-10,GBP,1.0
2023-01-10,EUR,0.845016
2023-01-11,GBP,1.0
2023-01-11,EUR,0.845393
2023-01-12,GBP,1.0
2023-01-12,EUR,0.84486
2023-01-13,GBP,1.0
2023-01-13,EUR,0.843986
2023-01-14,GBP,1.0
2023-01-14,EUR,0.843171
2023-01-15,GBP,1.0
2023-01-15,EUR,0.845456
2023-01-16,GBP,1.0
2023-01-16,EUR,0.845295
2023-01-17,GBP,1.0
2023-01-17,EUR,0.844342
2023-01-18,GBP,1.0
2023-01-18,EUR,0.84399
2023-01-19,GBP,1.0
2023-01-19,EUR,0.845253
2023-01-20,GBP,1.0
2023-01-20,EUR,0.844491
2023-01-21,GBP,1.0
2023-01-21,EUR,0.845171
2023-01-22,GBP,1.0
2023-01-22,EUR,0.846118
2023-01-23,GBP,1.0
2023-01-23,EUR,0.847049
2023-01-24,GBP,1.0
2023-01-24,EUR,0.848719
2023-01-25,GBP,1.0
2023-01-25,EUR,0.84797
2023-01-26,GBP,1.0
2023-01-26,EUR,0.849285
2023-01-27,GBP,1.0
2023-01-27,EUR,0.848229
2023-01-28,GBP,1.0
2023-01-28,EUR,0.847707
2023-01-29,GBP,1.0
2023-01-29,EUR,0.849129
2023-01-30,GBP,1.0
2023-01-30,EUR,0.850037
2023-01-31,GBP,1.0
2023-01-31,EUR,0.849922
2023-02-01,GBP,1.0
2023-02-01,EUR,0.848387
2023-02-02,GBP,1.0
2023-02-02,EUR,0.849039
2023-02-03,GBP,1.0
2023-02-03,EUR,0.848234
2023-02-04,GBP,1.0
2023-02-04,EUR,0.847125
2023-02-05,GBP,1.0
2023-02-05,EUR,0.846409
2023-02-06,GBP,1.0
2023-02-06,EUR,0.846809
2023-02-07,GBP,1.0
2023-02-07,EUR,0.844355
2023-02-08,GBP,1.0
2023-02-08,EUR,0.84501
2023-02-09,GBP,1.0
2023-02-09,EUR,0.845415
2023-02-10,GBP,1.0
2023-02-10,EUR,0.844897
2023-02-11,GBP,1.0
2023-02-11,EUR,0.846359
2023-02-12,GBP,1.0
2023-02-12,EUR,0.847245
2023-02-13,GBP,1.0
2023-02-13,EUR,0.846633
2023-02-14,GBP,1.0
2023-02-14,EUR,0.845983
2023-02-15,GBP,1.0
2023-02-15,EUR,0.847012
2023-02-16,GBP,1.0
2023-02-16,EUR,0.845345
2023-02-17,GBP,1.0
2023-02-17,EUR,0.845189
2023-02-18,GBP,1.0
2023-02-18,EUR,0.844692
2023-02-19,GBP,1.0
2023-02-19,EUR,0.845069
2023-02-20,GBP,1.0
2023-02-20,EUR,0.845605
2023-02-21,GBP,1.0
2023-02-21,EUR,0.845914
2023-02-22,GBP,1.0
2023-02-22,EUR,0.847535
2023-02-23,GBP,1.0
2023-02-23,EUR,0.847995
2023-02-24,GBP,1.0
2023-02-24,EUR,0.847789
2023-02-25,GBP,1.0
2023-02-25,EUR,0.846528
2023-02-26,GBP,1.0
2023-02-26,EUR,0.847659
2023-02-27,GBP,1.0
2023-02-27,EUR,0.84851
2023-02-28,GBP,1.0
2023-02-28,EUR,0.850435
2023-03-01,GBP,1.0
2023-03-01,EUR,0.849635
2023-03-02,GBP,1.0
2023-03-02,EUR,0.849814
2023-03-03,GBP,1.0
2023-03-03,EUR,0.849891
2023-03-04,GBP,1.0
2023-03-04,EUR,0.84994
2023-03-05,GBP,1.0
2023-03-05,EUR,0.850114
2023-03-06,GBP,1.0
2023-03-06,EUR,0.848219
2023-03-07,GBP,1.0
2023-03-07,EUR,0.849476
2023-03-08,GBP,1.0
2023-03-08,EUR,0.850475
2023-03-09,GBP,1.0
2023-03-09,EUR,0.852006
2023-03-10,GBP,1.0
2023-03-10,EUR,0.854814
2023-03-11,GBP,1.0
2023-03-11,EUR,0.85441
2023-03-12,GBP,1.0
2023-03-12,EUR,0.854376
2023-03-13,GBP,1.0
2023-03-13,EUR,0.854409
2023-03-14,GBP,1.0
2023-03-14,EUR,0.85677
2023-03-15,GBP,1.0
2023-03-15,EUR,0.854616
2023-03-16,GBP,1.0
2023-03-16,EUR,0.85524
2023-03-17,GBP,1.0
2023-03-17,EUR,0.853496
2023-03-18,GBP,1.0
2023-03-18,EUR,0.850517
2023-03-19,GBP,1.0
2023-03-19,EUR,0.848371
2023-03-20,GBP,1.0
2023-03-20,EUR,0.84711
2023-03-21,GBP,1.0
2023-03-21,EUR,0.848864
2023-03-22,GBP,1.0
2023-03-22,EUR,0.848216
2023-03-23,GBP,1.0
2023-03-23,EUR,0.848381
2023-03-24,GBP,1.0
2023-03-24,EUR,0.847425
2023-03-25,GBP,1.0
2023-03-25,EUR,0.848658
2023-03-26,GBP,1.0
2023-03-26,EUR,0.847785
2023-03-27,GBP,1.0
2023-03-27,EUR,0.84987
2023-03-28,GBP,1.0
2023-03-28,EUR,0.84909
2023-03-29,GBP,1.0
2023-03-29,EUR,0.848634
2023-03-30,GBP,1.0
2023-03-30,EUR,0.849277
2023-03-31,GBP,1.0
2023-03-31,EUR,0.849781
2023-04-01,GBP,1.0
2023-04-01,EUR,0.851952
2023-04-02,GBP,1.0
2023-04-02,EUR,0.852461
2023-04-03,GBP,1.0
2023-04-03,EUR,0.851361
2023-04-04,GBP,1.0
2023-04-04,EUR,0.851106
2023-04-05,GBP,1.0
2023-04-05,EUR,0.850859
2023-04-06,GBP,1.0
2023-04-06,EUR,0.852194
2023-04-07,GBP,1.0
2023-04-07,EUR,0.853064
2023-04-08,GBP,1.0
2023-04-08,EUR,0.853299
2023-04-09,GBP,1.0
2023-04-09,EUR,0.85472
2023-04-10,GBP,1.0
2023-04-10,EUR,0.854404
2023-04-11,GBP,1.0
2023-04-11,EUR,0.854586
2023-04-12,GBP,1.0
2023-04-12,EUR,0.855151
2023-04-13,GBP,1.0
2023-04-13,EUR,0.857316
2023-04-14,GBP,1.0
2023-04-14,EUR,0.857433
2023-04-15,GBP,1.0
2023-04-15,EUR,0.857253
2023-04-16,GBP,1.0
2023-04-16,EUR,0.856259
2023-04-17,GBP,1.0
2023-04-17,EUR,0.857405
2023-04-18,GBP,1.0
2023-04-18,EUR,0.856977
2023-04-19,GBP,1.0
2023-04-19,EUR,0.857699
2023-04-20,GBP,1.0
2023-04-20,EUR,0.855703
2023-04-21,GBP,1.0
2023-04-21,EUR,0.857352
2023-04-22,GBP,1.0
2023-04-22,EUR,0.856079
2023-04-23,GBP,1.0
2023-04-23,EUR,0.855548
2023-04-24,GBP,1.0
2023-04-24,EUR,0.857257
2023-04-25,GBP,1.0
2023-04-25,EUR,0.856021
2023-04-26,GBP,1.0
2023-04-26,EUR,0.856365
2023-04-27,GBP,1.0
2023-04-27,EUR,0.856887
2023-04-28,GBP,1.0
2023-04-28,EUR,0.856107
2023-04-29,GBP,1.0
2023-04-29,EUR,0.858188
2023-04-30,GBP,1.0
2023-04-30,EUR,0.860362
2023-05-01,GBP,1.0
2023-05-01,EUR,0.858275
2023-05-02,GBP,1.0
2023-05-02,EUR,0.856931
2023-05-03,GBP,1.0
2023-05-03,EUR,0.858374
2023-05-04,GBP,1.0
2023-05-04,EUR,0.857223
2023-05-05,GBP,1.0
2023-05-05,EUR,0.857237
2023-05-06,GBP,1.0
2023-05-06,EUR,0.857884
2023-05-07,GBP,1.0
2023-05-07,EUR,0.859184
2023-05-08,GBP,1.0
2023-05-08,EUR,0.859333
2023-05-09,GBP,1.0
2023-05-09,EUR,0.859867
2023-05-10,GBP,1.0
2023-05-10,EUR,0.859339
2023-05-11,GBP,1.0
2023-05-11,EUR,0.861331
2023-05-12,GBP,1.0
2023-05-12,EUR,0.86109
2023-05-13,GBP,1.0
2023-05-13,EUR,0.861873
2023-05-14,GBP,1.0
2023-05-14,EUR,0.861606
2023-05-15,GBP,1.0
2023-05-15,EUR,0.862105
2023-05-16,GBP,1.0
2023-05-16,EUR,0.86226
2023-05-17,GBP,1.0
2023-05-17,EUR,0.862425
2023-05-18,GBP,1.0
2023-05-18,EUR,0.86157
2023-05-19,GBP,1.0
2023-05-19,EUR,0.862941
2023-05-20,GBP,1.0
2023-05-20,EUR,0.864995
2023-05-21,GBP,1.0
2023-05-21,EUR,0.865551
2023-05-22,GBP,1.0
2023-05-22,EUR,0.866677
2023-05-23,GBP,1.0
2023-05-23,EUR,0.867883
2023-05-24,GBP,1.0
2023-05-24,EUR,0.869148
2023-05-25,GBP,1.0
2023-05-25,EUR,0.869609
2023-05-26,GBP,1.0
2023-05-26,EUR,0.869948
2023-05-27,GBP,1.0
2023-05-27,EUR,0.871061
2023-05-28,GBP,1.0
2023-05-28,EUR,0.871175
2023-05-29,GBP,1.0
2023-05-29,EUR,0.870041
2023-05-30,GBP,1.0
2023-05-30,EUR,0.870171
2023-05-31,GBP,1.0
2023-05-31,EUR,0.868009
2023-06-01,GBP,1.0
2023-06-01,EUR,0.868224
2023-06-02,GBP,1.0
2023-06-02,EUR,0.86894
2023-06-03,GBP,1.0
2023-06-03,EUR,0.870616
2023-06-04,GBP,1.0
2023-06-04,EUR,0.870917
2023-06-05,GBP,1.0
2023-06-05,EUR,0.872143
2023-06-06,GBP,1.0
2023-06-06,EUR,0.872203
2023-06-07,GBP,1.0
2023-06-07,EUR,0.871041
2023-06-08,GBP,1.0
2023-06-08,EUR,0.86948
2023-06-09,GBP,1.0
2023-06-09,EUR,0.868535
2023-06-10,GBP,1.0
2023-06-10,EUR,0.867171
2023-06-11,GBP,1.0
2023-06-11,EUR,0.868283
2023-06-12,GBP,1.0
2023-06-12,EUR,0.868338
2023-06-13,GBP,1.0
2023-06-13,EUR,0.869332
2023-06-14,GBP,1.0
2023-06-14,EUR,0.869688
2023-06-15,GBP,1.0
2023-06-15,EUR,0.871198
2023-06-16,GBP,1.0
2023-06-16,EUR,0.872661
2023-06-17,GBP,1.0
2023-06-17,EUR,0.872011
2023-06-18,GBP,1.0
2023-06-18,EUR,0.871846
2023-06-19,GBP,1.0
2023-06-19,EUR,0.871387
2023-06-20,GBP,1.0
2023-06-20,EUR,0.869652
2023-06-21,GBP,1.0
2023-06-21,EUR,0.870766
2023-06-22,GBP,1.0
2023-06-22,EUR,0.872448
2023-06-23,GBP,1.0
2023-06-23,EUR,0.872619
2023-06-24,GBP,1.0
2023-06-24,EUR,0.872204
2023-06-25,GBP,1.0
2023-06-25,EUR,0.873717
2023-06-26,GBP,1.0
2023-06-26,EUR,0.871038
2023-06-27,GBP,1.0
2023-06-27,EUR,0.871526
2023-06-28,GBP,1.0
2023-06-28,EUR,0.871955
2023-06-29,GBP,1.0
2023-06-29,EUR,0.871511
2023-06-30,GBP,1.0
2023-06-30,EUR,0.873451
2023-07-01,GBP,1.0
2023-07-01,EUR,0.874794
2023-07-02,GBP,1.0
2023-07-02,EUR,0.874598
2023-07-03,GBP,1.0
2023-07-03,EUR,0.874626
2023-07-04,GBP,1.0
2023-07-04,EUR,0.874297
2023-07-05,GBP,1.0
2023-07-05,EUR,0.87384
2023-07-06,GBP,1.0
2023-07-06,EUR,0.872456
2023-07-07,GBP,1.0
2023-07-07,EUR,0.874373
2023-07-08,GBP,1.0
2023-07-08,EUR,0.875775
2023-07-09,GBP,1.0
2023-07-09,EUR,0.876837
2023-07-10,GBP,1.0
2023-07-10,EUR,0.875579
2023-07-11,GBP,1.0
2023-07-11,EUR,0.878198
2023-07-12,GBP,1.0
2023-07-12,EUR,0.88057
2023-07-13,GBP,1.0
2023-07-13,EUR,0.880677
2023-07-14,GBP,1.0
2023-07-14,EUR,0.879471
2023-07-15,GBP,1.0
2023-07-15,EUR,0.878375
2023-07-16,GBP,1.0
2023-07-16,EUR,0.878879
2023-07-17,GBP,1.0
2023-07-17,EUR,0.877764
2023-07-18,GBP,1.0
2023-07-18,EUR,0.877763
2023-07-19,GBP,1.0
2023-07-19,EUR,0.879112
2023-07-20,GBP,1.0
2023-07-20,EUR,0.877282
2023-07-21,GBP,1.0
2023-07-21,EUR,0.879761
2023-07-22,GBP,1.0
2023-07-22,EUR,0.881592
2023-07-23,GBP,1.0
2023-07-23,EUR,0.87997
2023-07-24,GBP,1.0
2023-07-24,EUR,0.878219
2023-07-25,GBP,1.0
2023-07-25,EUR,0.877914
2023-07-26,GBP,1.0
2023-07-26,EUR,0.87673
2023-07-27,GBP,1.0
2023-07-27,EUR,0.876527
2023-07-28,GBP,1.0
2023-07-28,EUR,0.873555
2023-07-29,GBP,1.0
2023-07-29,EUR,0.873556
2023-07-30,GBP,1.0
2023-07-30,EUR,0.875997
2023-07-31,GBP,1.0
2023-07-31,EUR,0.874813
2023-08-01,GBP,1.0
2023-08-01,EUR,0.874702
2023-08-02,GBP,1.0
2023-08-02,EUR,0.873138
2023-08-03,GBP,1.0
2023-08-03,EUR,0.874206
2023-08-04,GBP,1.0
2023-08-04,EUR,0.874184
2023-08-05,GBP,1.0
2023-08-05,EUR,0.876764
2023-08-06,GBP,1.0
2023-08-06,EUR,0.877134
2023-08-07,GBP,1.0
2023-08-07,EUR,0.876791
2023-08-08,GBP,1.0
2023-08-08,EUR,0.877572
2023-08-09,GBP,1.0
2023-08-09,EUR,0.877046
2023-08-10,GBP,1.0
2023-08-10,EUR,0.875546
2023-08-11,GBP,1.0
2023-08-11,EUR,0.87609
2023-08-12,GBP,1.0
2023-08-12,EUR,0.876034
2023-08-13,GBP,1.0
2023-08-13,EUR,0.876389
2023-08-14,GBP,1.0
2023-08-14,EUR,0.876976
2023-08-15,GBP,1.0
2023-08-15,EUR,0.87647
2023-08-16,GBP,1.0
2023-08-16,EUR,0.877106
2023-08-17,GBP,1.0
2023-08-17,EUR,0.879288
2023-08-18,GBP,1.0
2023-08-18,EUR,0.877945
2023-08-19,GBP,1.0
2023-08-19,EUR,0.880081
2023-08-20,GBP,1.0
2023-08-20,EUR,0.879732
2023-08-21,GBP,1.0
2023-08-21,EUR,0.87877
2023-08-22,GBP,1.0
2023-08-22,EUR,0.881686
2023-08-23,GBP,1.0
2023-08-23,EUR,0.881727
2023-08-24,GBP,1.0
2023-08-24,EUR,0.883222
2023-08-25,GBP,1.0
2023-08-25,EUR,0.883975
2023-08-26,GBP,1.0
2023-08-26,EUR,0.881691
2023-08-27,GBP,1.0
2023-08-27,EUR,0.881679
2023-08-28,GBP,1.0
2023-08-28,EUR,0.880889
2023-08-29,GBP,1.0
2023-08-29,EUR,0.879155
2023-08-30,GBP,1.0
2023-08-30,EUR,0.876988
2023-08-31,GBP,1.0
2023-08-31,EUR,0.877175
2023-09-01,GBP,1.0
2023-09-01,EUR,0.877933
2023-09-02,GBP,1.0
2023-09-02,EUR,0.878411
2023-09-03,GBP,1.0
2023-09-03,EUR,0.878024
2023-09-04,GBP,1.0
2023-09-04,EUR,0.877061
2023-09-05,GBP,1.0
2023-09-05,EUR,0.875915
2023-09-06,GBP,1.0
2023-09-06,EUR,0.87534
2023-09-07,GBP,1.0
2023-09-07,EUR,0.874215
2023-09-08,GBP,1.0
2023-09-08,EUR,0.874138
2023-09-09,GBP,1.0
2023-09-09,EUR,0.874275
2023-09-10,GBP,1.0
2023-09-10,EUR,0.873352
2023-09-11,GBP,1.0
2023-09-11,EUR,0.873267
2023-09-12,GBP,1.0
2023-09-12,EUR,0.872546
2023-09-13,GBP,1.0
2023-09-13,EUR,0.872763
2023-09-14,GBP,1.0
2023-09-14,EUR,0.873576
2023-09-15,GBP,1.0
2023-09-15,EUR,0.873948
2023-09-16,GBP,1.0
2023-09-16,EUR,0.874648
2023-09-17,GBP,1.0
2023-09-17,EUR,0.872757
2023-09-18,GBP,1.0
2023-09-18,EUR,0.872483
2023-09-19,GBP,1.0
2023-09-19,EUR,0.873001
2023-09-20,GBP,1.0
2023-09-20,EUR,0.873925
2023-09-21,GBP,1.0
2023-09-21,EUR,0.872108
2023-09-22,GBP,1.0
2023-09-22,EUR,0.872483
2023-09-23,GBP,1.0
2023-09-23,EUR,0.874089
2023-09-24,GBP,1.0
2023-09-24,EUR,0.873945
2023-09-25,GBP,1.0
2023-09-25,EUR,0.873902
2023-09-26,GBP,1.0
2023-09-26,EUR,0.874507
2023-09-27,GBP,1.0
2023-09-27,EUR,0.87483
2023-09-28,GBP,1.0
2023-09-28,EUR,0.875642
2023-09-29,GBP,1.0
2023-09-29,EUR,0.875682
2023-09-30,GBP,1.0
2023-09-30,EUR,0.875808
2023-10-01,GBP,1.0
2023-10-01,EUR,0.874798
2023-10-02,GBP,1.0
2023-10-02,EUR,0.874564
2023-10-03,GBP,1.0
2023-10-03,EUR,0.876041
2023-10-04,GBP,1.0
2023-10-04,EUR,0.875687
2023-10-05,GBP,1.0
2023-10-05,EUR,0.875384
2023-10-06,GBP,1.0
2023-10-06,EUR,0.8747
2023-10-07,GBP,1.0
2023-10-07,EUR,0.875576
2023-10-08,GBP,1.0
2023-10-08,EUR,0.874428
2023-10-09,GBP,1.0
2023-10-09,EUR,0.875446
2023-10-10,GBP,1.0
2023-10-10,EUR,0.874187
2023-10-11,GBP,1.0
2023-10-11,EUR,0.872836
2023-10-12,GBP,1.0
2023-10-12,EUR,0.873059
2023-10-13,GBP,1.0
2023-10-13,EUR,0.873171
2023-10-14,GBP,1.0
2023-10-14,EUR,0.873468
2023-10-15,GBP,1.0
2023-10-15,EUR,0.874657
2023-10-16,GBP,1.0
2023-10-16,EUR,0.874007
2023-10-17,GBP,1.0
2023-10-17,EUR,0.874406
2023-10-18,GBP,1.0
2023-10-18,EUR,0.873151
2023-10-19,GBP,1.0
2023-10-19,EUR,0.874551
2023-10-20,GBP,1.0
2023-10-20,EUR,0.875118
2023-10-21,GBP,1.0
2023-10-21,EUR,0.875531
2023-10-22,GBP,1.0
2023-10-22,EUR,0.875494
2023-10-23,GBP,1.0
2023-10-23,EUR,0.87428
2023-10-24,GBP,1.0
2023-10-24,EUR,0.873666
2023-10-25,GBP,1.0
2023-10-25,EUR,0.874066
2023-10-26,GBP,1.0
2023-10-26,EUR,0.873809
2023-10-27,GBP,1.0
2023-10-27,EUR,0.873726
2023-10-28,GBP,1.0
2023-10-28,EUR,0.871855
2023-10-29,GBP,1.0
2023-10-29,EUR,0.871915
2023-10-30,GBP,1.0
2023-10-30,EUR,0.870913
2023-10-31,GBP,1.0
2023-10-31,EUR,0.86948
2023-11-01,GBP,1.0
2023-11-01,EUR,0.869221
2023-11-02,GBP,1.0
2023-11-02,EUR,0.866921
2023-11-03,GBP,1.0
2023-11-03,EUR,0.86779
2023-11-04,GBP,1.0
2023-11-04,EUR,0.868788
2023-11-05,GBP,1.0
2023-11-05,EUR,0.868637
2023-11-06,GBP,1.0
2023-11-06,EUR,0.867353
2023-11-07,GBP,1.0
2023-11-07,EUR,0.866179
2023-11-08,GBP,1.0
2023-11-08,EUR,0.866005
2023-11-09,GBP,1.0
2023-11-09,EUR,0.8631
2023-11-10,GBP,1.0
2023-11-10,EUR,0.863453
2023-11-11,GBP,1.0
2023-11-11,EUR,0.864357
2023-11-12,GBP,1.0
2023-11-12,EUR,0.864031
2023-11-13,GBP,1.0
2023-11-13,EUR,0.86349
2023-11-14,GBP,1.0
2023-11-14,EUR,0.863775
2023-11-15,GBP,1.0
2023-11-15,EUR,0.864235
2023-11-16,GBP,1.0
2023-11-16,EUR,0.865552
2023-11-17,GBP,1.0
2023-11-17,EUR,0.865499
2023-11-18,GBP,1.0
2023-11-18,EUR,0.864587
2023-11-19,GBP,1.0
2023-11-19,EUR,0.863981
2023-11-20,GBP,1.0
2023-11-20,EUR,0.864164
2023-11-21,GBP,1.0
2023-11-21,EUR,0.865975
2023-11-22,GBP,1.0
2023-11-22,EUR,0.86543
2023-11-23,GBP,1.0
2023-11-23,EUR,0.86402
2023-11-24,GBP,1.0
2023-11-24,EUR,0.862887
2023-11-25,GBP,1.0
2023-11-25,EUR,0.860326
2023-11-26,GBP,1.0
2023-11-26,EUR,0.860791
2023-11-27,GBP,1.0
2023-11-27,EUR,0.85919
2023-11-28,GBP,1.0
2023-11-28,EUR,0.857809
2023-11-29,GBP,1.0
2023-11-29,EUR,0.855593
2023-11-30,GBP,1.0
2023-11-30,EUR,0.854505
2023-12-01,GBP,1.0
2023-12-01,EUR,0.855481
2023-12-02,GBP,1.0
2023-12-02,EUR,0.854139
2023-12-03,GBP,1.0
2023-12-03,EUR,0.852325
2023-12-04,GBP,1.0
2023-12-04,EUR,0.852902
2023-12-05,GBP,1.0
2023-12-05,EUR,0.852813
2023-12-06,GBP,1.0
2023-12-06,EUR,0.853644
2023-12-07,GBP,1.0
2023-12-07,EUR,0.854789
2023-12-08,GBP,1.0
2023-12-08,EUR,0.854965
2023-12-09,GBP,1.0
2023-12-09,EUR,0.853572
2023-12-10,GBP,1.0
2023-12-10,EUR,0.853644
2023-12-11,GBP,1.0
2023-12-11,EUR,0.854447
2023-12-12,GBP,1.0
2023-12-12,EUR,0.853897
2023-12-13,GBP,1.0
2023-12-13,EUR,0.852336
2023-12-14,GBP,1.0
2023-12-14,EUR,0.853888
2023-12-15,GBP,1.0
2023-12-15,EUR,0.853527
2023-12-16,GBP,1.0
2023-12-16,EUR,0.853178
2023-12-17,GBP,1.0
2023-12-17,EUR,0.853343
2023-12-18,GBP,1.0
2023-12-18,EUR,0.854705
2023-12-19,GBP,1.0
2023-12-19,EUR,0.855064
2023-12-20,GBP,1.0
2023-12-20,EUR,0.854676
2023-12-21,GBP,1.0
2023-12-21,EUR,0.855513
2023-12-22,GBP,1.0
2023-12-22,EUR,0.858052
2023-12-23,GBP,1.0
2023-12-23,EUR,0.859541
2023-12-24,GBP,1.0
2023-12-24,EUR,0.860083
2023-12-25,GBP,1.0
2023-12-25,EUR,0.858431
2023-12-26,GBP,1.0
2023-12-26,EUR,0.862698
2023-12-27,GBP,1.0
2023-12-27,EUR,0.860798
2023-12-28,GBP,1.0
2023-12-28,EUR,0.859971
2023-12-29,GBP,1.0
2023-12-29,EUR,0.858779
2023-12-30,GBP,1.0
2023-12-30,EUR,0.860426
2023-12-31,GBP,1.0
2023-12-31,EUR,0.86053
2024-01-01,GBP,1.0
2024-01-01,EUR,0.858399
2024-01-02,GBP,1.0
2024-01-02,EUR,0.858395
2024-01-03,GBP,1.0
2024-01-03,EUR,0.858713
2024-01-04,GBP,1.0
2024-01-04,EUR,0.857965
2024-01-05,GBP,1.0
2024-01-05,EUR,0.856159
2024-01-06,GBP,1.0
2024-01-06,EUR,0.855025
2024-01-07,GBP,1.0
2024-01-07,EUR,0.854281
2024-01-08,GBP,1.0
2024-01-08,EUR,0.854113
2024-01-09,GBP,1.0
2024-01-09,EUR,0.85329
2024-01-10,GBP,1.0
2024-01-10,EUR,0.854002
2024-01-11,GBP,1.0
2024-01-11,EUR,0.852643
2024-01-12,GBP,1.0
2024-01-12,EUR,0.850403
2024-01-13,GBP,1.0
2024-01-13,EUR,0.849452
2024-01-14,GBP,1.0
2024-01-14,EUR,0.851043
2024-01-15,GBP,1.0
2024-01-15,EUR,0.850236
2024-01-16,GBP,1.0
2024-01-16,EUR,0.852954
2024-01-17,GBP,1.0
2024-01-17,EUR,0.853305
2024-01-18,GBP,1.0
2024-01-18,EUR,0.85164
2024-01-19,GBP,1.0
2024-01-19,EUR,0.850442
2024-01-20,GBP,1.0
2024-01-20,EUR,0.850585
2024-01-21,GBP,1.0
2024-01-21,EUR,0.849005
2024-01-22,GBP,1.0
2024-01-22,EUR,0.851755
2024-01-23,GBP,1.0
2024-01-23,EUR,0.850317
2024-01-24,GBP,1.0
2024-01-24,EUR,0.850946
2024-01-25,GBP,1.0
2024-01-25,EUR,0.852468
2024-01-26,GBP,1.0
2024-01-26,EUR,0.852019
2024-01-27,GBP,1.0
2024-01-27,EUR,0.850517
2024-01-28,GBP,1.0
2024-01-28,EUR,0.849947
2024-01-29,GBP,1.0
2024-01-29,EUR,0.850156
2024-01-30,GBP,1.0
2024-01-30,EUR,0.850961
2024-01-31,GBP,1.0
2024-01-31,EUR,0.850732
2024-02-01,GBP,1.0
2024-02-01,EUR,0.848756
2024-02-02,GBP,1.0
2024-02-02,EUR,0.848599
2024-02-03,GBP,1.0
2024-02-03,EUR,0.847581
2024-02-04,GBP,1.0
2024-02-04,EUR,0.844791
2024-02-05,GBP,1.0
2024-02-05,EUR,0.843914
2024-02-06,GBP,1.0
2024-02-06,EUR,0.842188
2024-02-07,GBP,1.0
2024-02-07,EUR,0.842963
2024-02-08,GBP,1.0
2024-02-08,EUR,0.845317
2024-02-09,GBP,1.0
2024-02-09,EUR,0.847442
2024-02-10,GBP,1.0
2024-02-10,EUR,0.846532
2024-02-11,GBP,1.0
2024-02-11,EUR,0.845785
2024-02-12,GBP,1.0
2024-02-12,EUR,0.846454
2024-02-13,GBP,1.0
2024-02-13,EUR,0.847527
2024-02-14,GBP,1.0
2024-02-14,EUR,0.846762
2024-02-15,GBP,1.0
2024-02-15,EUR,0.846357
2024-02-16,GBP,1.0
2024-02-16,EUR,0.848783
2024-02-17,GBP,1.0
2024-02-17,EUR,0.848301
2024-02-18,GBP,1.0
2024-02-18,EUR,0.847382
2024-02-19,GBP,1.0
2024-02-19,EUR,0.847227
2024-02-20,GBP,1.0
2024-02-20,EUR,0.847622
2024-02-21,GBP,1.0
2024-02-21,EUR,0.846069
2024-02-22,GBP,1.0
2024-02-22,EUR,0.845512
2024-02-23,GBP,1.0
2024-02-23,EUR,0.843874
2024-02-24,GBP,1.0
2024-02-24,EUR,0.843376
2024-02-25,GBP,1.0
2024-02-25,EUR,0.845481
2024-02-26,GBP,1.0
2024-02-26,EUR,0.846112
2024-02-27,GBP,1.0
2024-02-27,EUR,0.845702
2024-02-28,GBP,1.0
2024-02-28,EUR,0.844297
2024-02-29,GBP,1.0
2024-02-29,EUR,0.843701
2024-03-01,GBP,1.0
2024-03-01,EUR,0.844762
2024-03-02,GBP,1.0
2024-03-02,EUR,0.843829
2024-03-03,GBP,1.0
2024-03-03,EUR,0.84535
2024-03-04,GBP,1.0
2024-03-04,EUR,0.8434
2024-03-05,GBP,1.0
2024-03-05,EUR,0.842841
2024-03-06,GBP,1.0
2024-03-06,EUR,0.844743
2024-03-07,GBP,1.0
2024-03-07,EUR,0.842044
2024-03-08,GBP,1.0
2024-03-08,EUR,0.843309
2024-03-09,GBP,1.0
2024-03-09,EUR,0.840857
2024-03-10,GBP,1.0
2024-03-10,EUR,0.840635
2024-03-11,GBP,1.0
2024-03-11,EUR,0.840321
2024-03-12,GBP,1.0
2024-03-12,EUR,0.841213
2024-03-13,GBP,1.0
2024-03-13,EUR,0.83728
2024-03-14,GBP,1.0
2024-03-14,EUR,0.835023
2024-03-15,GBP,1.0
2024-03-15,EUR,0.834497
2024-03-16,GBP,1.0
2024-03-16,EUR,0.834715
2024-03-17,GBP,1.0
2024-03-17,EUR,0.833802
2024-03-18,GBP,1.0
2024-03-18,EUR,0.833737
2024-03-19,GBP,1.0
2024-03-19,EUR,0.832512
2024-03-20,GBP,1.0
2024-03-20,EUR,0.832286
2024-03-21,GBP,1.0
2024-03-21,EUR,0.831534
2024-03-22,GBP,1.0
2024-03-22,EUR,0.832124
2024-03-23,GBP,1.0
2024-03-23,EUR,0.833085
2024-03-24,GBP,1.0
2024-03-24,EUR,0.835017
2024-03-25,GBP,1.0
2024-03-25,EUR,0.834342
2024-03-26,GBP,1.0
2024-03-26,EUR,0.834104
2024-03-27,GBP,1.0
2024-03-27,EUR,0.834313
2024-03-28,GBP,1.0
2024-03-28,EUR,0.834098
2024-03-29,GBP,1.0
2024-03-29,EUR,0.834182
2024-03-30,GBP,1.0
2024-03-30,EUR,0.832448
2024-03-31,GBP,1.0
2024-03-31,EUR,0.833118
2024-04-01,GBP,1.0
2024-04-01,EUR,0.832209
2024-04-02,GBP,1.0
2024-04-02,EUR,0.831293
2024-04-03,GBP,1.0
2024-04-03,EUR,0.829663
2024-04-04,GBP,1.0
2024-04-04,EUR,0.831412
2024-04-05,GBP,1.0
2024-04-05,EUR,0.83151
2024-04-06,GBP,1.0
2024-04-06,EUR,0.83315
2024-04-07,GBP,1.0
2024-04-07,EUR,0.833654
2024-04-08,GBP,1.0
2024-04-08,EUR,0.831761
2024-04-09,GBP,1.0
2024-04-09,EUR,0.830705
2024-04-10,GBP,1.0
2024-04-10,EUR,0.831912
2024-04-11,GBP,1.0
2024-04-11,EUR,0.831229
2024-04-12,GBP,1.0
2024-04-12,EUR,0.83019
2024-04-13,GBP,1.0
2024-04-13,EUR,0.830296
2024-04-14,GBP,1.0
2024-04-14,EUR,0.830399
2024-04-15,GBP,1.0
2024-04-15,EUR,0.829495
2024-04-16,GBP,1.0
2024-04-16,EUR,0.82946
2024-04-17,GBP,1.0
2024-04-17,EUR,0.829244
2024-04-18,GBP,1.0
2024-04-18,EUR,0.826505
2024-04-19,GBP,1.0
2024-04-19,EUR,0.827616
2024-04-20,GBP,1.0
2024-04-20,EUR,0.827094
2024-04-21,GBP,1.0
2024-04-21,EUR,0.829139
2024-04-22,GBP,1.0
2024-04-22,EUR,0.828137
2024-04-23,GBP,1.0
2024-04-23,EUR,0.826671
2024-04-24,GBP,1.0
2024-04-24,EUR,0.828601
2024-04-25,GBP,1.0
2024-04-25,EUR,0.827108
2024-04-26,GBP,1.0
2024-04-26,EUR,0.826831
2024-04-27,GBP,1.0
2024-04-27,EUR,0.828049
2024-04-28,GBP,1.0
2024-04-28,EUR,0.828097
2024-04-29,GBP,1.0
2024-04-29,EUR,0.826553
2024-04-30,GBP,1.0
2024-04-30,EUR,0.827301
2024-05-01,GBP,1.0
2024-05-01,EUR,0.827555
2024-05-02,GBP,1.0
2024-05-02,EUR,0.829573
2024-05-03,GBP,1.0
2024-05-03,EUR,0.830659
2024-05-04,GBP,1.0
2024-05-04,EUR,0.83463
2024-05-05,GBP,1.0
2024-05-05,EUR,0.832787
2024-05-06,GBP,1.0
2024-05-06,EUR,0.832989
2024-05-07,GBP,1.0
2024-05-07,EUR,0.83193
2024-05-08,GBP,1.0
2024-05-08,EUR,0.833594
2024-05-09,GBP,1.0
2024-05-09,EUR,0.834778
2024-05-10,GBP,1.0
2024-05-10,EUR,0.835826
2024-05-11,GBP,1.0
2024-05-11,EUR,0.834988
2024-05-12,GBP,1.0
2024-05-12,EUR,0.834235
2024-05-13,GBP,1.0
2024-05-13,EUR,0.831982
2024-05-14,GBP,1.0
2024-05-14,EUR,0.834333
2024-05-15,GBP,1.0
2024-05-15,EUR,0.835129
2024-05-16,GBP,1.0
2024-05-16,EUR,0.834968
2024-05-17,GBP,1.0
2024-05-17,EUR,0.836252
2024-05-18,GBP,1.0
2024-05-18,EUR,0.837259
2024-05-19,GBP,1.0
2024-05-19,EUR,0.838489
2024-05-20,GBP,1.0
2024-05-20,EUR,0.836545
2024-05-21,GBP,1.0
2024-05-21,EUR,0.835794
2024-05-22,GBP,1.0
2024-05-22,EUR,0.836178
2024-05-23,GBP,1.0
2024-05-23,EUR,0.836741
2024-05-24,GBP,1.0
2024-05-24,EUR,0.838003
2024-05-25,GBP,1.0
2024-05-25,EUR,0.836849
2024-05-26,GBP,1.0
2024-05-26,EUR,0.837121
2024-05-27,GBP,1.0
2024-05-27,EUR,0.83988
2024-05-28,GBP,1.0
2024-05-28,EUR,0.840691
2024-05-29,GBP,1.0
2024-05-29,EUR,0.841683
2024-05-30,GBP,1.0
2024-05-30,EUR,0.841563
2024-05-31,GBP,1.0
2024-05-31,EUR,0.842401
2024-06-01,GBP,1.0
2024-06-01,EUR,0.844447
2024-06-02,GBP,1.0
2024-06-02,EUR,0.84436
2024-06-03,GBP,1.0
2024-06-03,EUR,0.845626
2024-06-04,GBP,1.0
2024-06-04,EUR,0.844317
2024-06-05,GBP,1.0
2024-06-05,EUR,0.844838
2024-06-06,GBP,1.0
2024-06-06,EUR,0.845718
2024-06-07,GBP,1.0
2024-06-07,EUR,0.844574
2024-06-08,GBP,1.0
2024-06-08,EUR,0.845715
2024-06-09,GBP,1.0
2024-06-09,EUR,0.844678
2024-06-10,GBP,1.0
2024-06-10,EUR,0.843545
2024-06-11,GBP,1.0
2024-06-11,EUR,0.843441
2024-06-12,GBP,1.0
2024-06-12,EUR,0.84567
2024-06-13,GBP,1.0
2024-06-13,EUR,0.845849
2024-06-14,GBP,1.0
2024-06-14,EUR,0.846778
2024-06-15,GBP,1.0
2024-06-15,EUR,0.845668
2024-06-16,GBP,1.0
2024-06-16,EUR,0.845594
2024-06-17,GBP,1.0
2024-06-17,EUR,0.844026
2024-06-18,GBP,1.0
2024-06-18,EUR,0.843272
2024-06-19,GBP,1.0
2024-06-19,EUR,0.844253
2024-06-20,GBP,1.0
2024-06-20,EUR,0.844144
2024-06-21,GBP,1.0
2024-06-21,EUR,0.845837
2024-06-22,GBP,1.0
2024-06-22,EUR,0.84547
2024-06-23,GBP,1.0
2024-06-23,EUR,0.845136
2024-06-24,GBP,1.0
2024-06-24,EUR,0.846597
2024-06-25,GBP,1.0
2024-06-25,EUR,0.845683
2024-06-26,GBP,1.0
2024-06-26,EUR,0.843779
2024-06-27,GBP,1.0
2024-06-27,EUR,0.845365
2024-06-28,GBP,1.0
2024-06-28,EUR,0.845816
2024-06-29,GBP,1.0
2024-06-29,EUR,0.843159
2024-06-30,GBP,1.0
2024-06-30,EUR,0.843296
2024-07-01,GBP,1.0
2024-07-01,EUR,0.842898
2024-07-02,GBP,1.0
2024-07-02,EUR,0.845108
2024-07-03,GBP,1.0
2024-07-03,EUR,0.844248
2024-07-04,GBP,1.0
2024-07-04,EUR,0.843619
2024-07-05,GBP,1.0
2024-07-05,EUR,0.842635
2024-07-06,GBP,1.0
2024-07-06,EUR,0.841538
2024-07-07,GBP,1.0
2024-07-07,EUR,0.84093
2024-07-08,GBP,1.0
2024-07-08,EUR,0.83948
2024-07-09,GBP,1.0
2024-07-09,EUR,0.838599
2024-07-10,GBP,1.0
2024-07-10,EUR,0.837081
2024-07-11,GBP,1.0
2024-07-11,EUR,0.83578
2024-07-12,GBP,1.0
2024-07-12,EUR,0.834479
2024-07-13,GBP,1.0
2024-07-13,EUR,0.8345
2024-07-14,GBP,1.0
2024-07-14,EUR,0.834335
2024-07-15,GBP,1.0
2024-07-15,EUR,0.833537
2024-07-16,GBP,1.0
2024-07-16,EUR,0.834835
2024-07-17,GBP,1.0
2024-07-17,EUR,0.835447
2024-07-18,GBP,1.0
2024-07-18,EUR,0.835579
2024-07-19,GBP,1.0
2024-07-19,EUR,0.835675
2024-07-20,GBP,1.0
2024-07-20,EUR,0.838246
2024-07-21,GBP,1.0
2024-07-21,EUR,0.839074
2024-07-22,GBP,1.0
2024-07-22,EUR,0.840155
2024-07-23,GBP,1.0
2024-07-23,EUR,0.837518
2024-07-24,GBP,1.0
2024-07-24,EUR,0.837342
2024-07-25,GBP,1.0
2024-07-25,EUR,0.835365
2024-07-26,GBP,1.0
2024-07-26,EUR,0.835592
2024-07-27,GBP,1.0
2024-07-27,EUR,0.836777
2024-07-28,GBP,1.0
2024-07-28,EUR,0.836656
2024-07-29,GBP,1.0
2024-07-29,EUR,0.837983
2024-07-30,GBP,1.0
2024-07-30,EUR,0.837405
2024-07-31,GBP,1.0
2024-07-31,EUR,0.838785
2024-08-01,GBP,1.0
2024-08-01,EUR,0.837551
2024-08-02,GBP,1.0
2024-08-02,EUR,0.83794
2024-08-03,GBP,1.0
2024-08-03,EUR,0.839137
2024-08-04,GBP,1.0
2024-08-04,EUR,0.840425
2024-08-05,GBP,1.0
2024-08-05,EUR,0.840863
2024-08-06,GBP,1.0
2024-08-06,EUR,0.843771
2024-08-07,GBP,1.0
2024-08-07,EUR,0.843718
2024-08-08,GBP,1.0
2024-08-08,EUR,0.843635
2024-08-09,GBP,1.0
2024-08-09,EUR,0.840797
2024-08-10,GBP,1.0
2024-08-10,EUR,0.843545
2024-08-11,GBP,1.0
2024-08-11,EUR,0.843601
2024-08-12,GBP,1.0
2024-08-12,EUR,0.842696
2024-08-13,GBP,1.0
2024-08-13,EUR,0.844843
2024-08-14,GBP,1.0
2024-08-14,EUR,0.846791
2024-08-15,GBP,1.0
2024-08-15,EUR,0.847299
2024-08-16,GBP,1.0
2024-08-16,EUR,0.84594
2024-08-17,GBP,1.0
2024-08-17,EUR,0.846885
2024-08-18,GBP,1.0
2024-08-18,EUR,0.846544
2024-08-19,GBP,1.0
2024-08-19,EUR,0.845571
2024-08-20,GBP,1.0
2024-08-20,EUR,0.847314
2024-08-21,GBP,1.0
2024-08-21,EUR,0.845169
2024-08-22,GBP,1.0
2024-08-22,EUR,0.846382
2024-08-23,GBP,1.0
2024-08-23,EUR,0.847414
2024-08-24,GBP,1.0
2024-08-24,EUR,0.850315
2024-08-25,GBP,1.0
2024-08-25,EUR,0.85101
2024-08-26,GBP,1.0
2024-08-26,EUR,0.84882
2024-08-27,GBP,1.0
2024-08-27,EUR,0.848217
2024-08-28,GBP,1.0
2024-08-28,EUR,0.848734
2024-08-29,GBP,1.0
2024-08-29,EUR,0.849585
2024-08-30,GBP,1.0
2024-08-30,EUR,0.851153
2024-08-31,GBP,1.0
2024-08-31,EUR,0.849124
2024-09-01,GBP,1.0
2024-09-01,EUR,0.849161
2024-09-02,GBP,1.0
2024-09-02,EUR,0.850767
2024-09-03,GBP,1.0
2024-09-03,EUR,0.85299
2024-09-04,GBP,1.0
2024-09-04,EUR,0.855493
2024-09-05,GBP,1.0
2024-09-05,EUR,0.855178
2024-09-06,GBP,1.0
2024-09-06,EUR,0.856674
2024-09-07,GBP,1.0
2024-09-07,EUR,0.858841
2024-09-08,GBP,1.0
2024-09-08,EUR,0.860292
2024-09-09,GBP,1.0
2024-09-09,EUR,0.861112
2024-09-10,GBP,1.0
2024-09-10,EUR,0.862024
2024-09-11,GBP,1.0
2024-09-11,EUR,0.860958
2024-09-12,GBP,1.0
2024-09-12,EUR,0.859166
2024-09-13,GBP,1.0
2024-09-13,EUR,0.860388
2024-09-14,GBP,1.0
2024-09-14,EUR,0.859962
2024-09-15,GBP,1.0
2024-09-15,EUR,0.859949
2024-09-16,GBP,1.0
2024-09-16,EUR,0.859284
2024-09-17,GBP,1.0
2024-09-17,EUR,0.858884
2024-09-18,GBP,1.0
2024-09-18,EUR,0.859263
2024-09-19,GBP,1.0
2024-09-19,EUR,0.858126
2024-09-20,GBP,1.0
2024-09-20,EUR,0.858363
2024-09-21,GBP,1.0
2024-09-21,EUR,0.858809
2024-09-22,GBP,1.0
2024-09-22,EUR,0.858852
2024-09-23,GBP,1.0
2024-09-23,EUR,0.858102
2024-09-24,GBP,1.0
2024-09-24,EUR,0.859234
2024-09-25,GBP,1.0
2024-09-25,EUR,0.861619
2024-09-26,GBP,1.0
2024-09-26,EUR,0.860925
2024-09-27,GBP,1.0
2024-09-27,EUR,0.862475
2024-09-28,GBP,1.0
2024-09-28,EUR,0.863542
2024-09-29,GBP,1.0
2024-09-29,EUR,0.860311
2024-09-30,GBP,1.0
2024-09-30,EUR,0.859519
2024-10-01,GBP,1.0
2024-10-01,EUR,0.858925
2024-10-02,GBP,1.0
2024-10-02,EUR,0.860068
2024-10-03,GBP,1.0
2024-10-03,EUR,0.860449
2024-10-04,GBP,1.0
2024-10-04,EUR,0.861161
2024-10-05,GBP,1.0
2024-10-05,EUR,0.862038
2024-10-06,GBP,1.0
2024-10-06,EUR,0.861036
2024-10-07,GBP,1.0
2024-10-07,EUR,0.860273
2024-10-08,GBP,1.0
2024-10-08,EUR,0.858982
2024-10-09,GBP,1.0
2024-10-09,EUR,0.859026
2024-10-10,GBP,1.0
2024-10-10,EUR,0.859135
2024-10-11,GBP,1.0
2024-10-11,EUR,0.859592
2024-10-12,GBP,1.0
2024-10-12,EUR,0.858954
2024-10-13,GBP,1.0
2024-10-13,EUR,0.860315
2024-10-14,GBP,1.0
2024-10-14,EUR,0.861625
2024-10-15,GBP,1.0
2024-10-15,EUR,0.863631
2024-10-16,GBP,1.0
2024-10-16,EUR,0.86454
2024-10-17,GBP,1.0
2024-10-17,EUR,0.864777
2024-10-18,GBP,1.0
2024-10-18,EUR,0.865591
2024-10-19,GBP,1.0
2024-10-19,EUR,0.866295
2024-10-20,GBP,1.0
2024-10-20,EUR,0.865454
2024-10-21,GBP,1.0
2024-10-21,EUR,0.866989
2024-10-22,GBP,1.0
2024-10-22,EUR,0.868967
2024-10-23,GBP,1.0
2024-10-23,EUR,0.87116
2024-10-24,GBP,1.0
2024-10-24,EUR,0.870918
2024-10-25,GBP,1.0
2024-10-25,EUR,0.871039
2024-10-26,GBP,1.0
2024-10-26,EUR,0.871268
2024-10-27,GBP,1.0
2024-10-27,EUR,0.870987
2024-10-28,GBP,1.0
2024-10-28,EUR,0.871469
2024-10-29,GBP,1.0
2024-10-29,EUR,0.871043
2024-10-30,GBP,1.0
2024-10-30,EUR,0.870553
2024-10-31,GBP,1.0
2024-10-31,EUR,0.872435
2024-11-01,GBP,1.0
2024-11-01,EUR,0.872313
2024-11-02,GBP,1.0
2024-11-02,EUR,0.872082
2024-11-03,GBP,1.0
2024-11-03,EUR,0.872844
2024-11-04,GBP,1.0
2024-11-04,EUR,0.872692
2024-11-05,GBP,1.0
2024-11-05,EUR,0.872719
2024-11-06,GBP,1.0
2024-11-06,EUR,0.872322
2024-11-07,GBP,1.0
2024-11-07,EUR,0.870558
2024-11-08,GBP,1.0
2024-11-08,EUR,0.870311
2024-11-09,GBP,1.0
2024-11-09,EUR,0.868752
2024-11-10,GBP,1.0
2024-11-10,EUR,0.868889
2024-11-11,GBP,1.0
2024-11-11,EUR,0.86735
2024-11-12,GBP,1.0
2024-11-12,EUR,0.868408
2024-11-13,GBP,1.0
2024-11-13,EUR,0.869213
2024-11-14,GBP,1.0
2024-11-14,EUR,0.869416
2024-11-15,GBP,1.0
2024-11-15,EUR,0.869153
2024-11-16,GBP,1.0
2024-11-16,EUR,0.869524
2024-11-17,GBP,1.0
2024-11-17,EUR,0.86702
2024-11-18,GBP,1.0
2024-11-18,EUR,0.865682
2024-11-19,GBP,1.0
2024-11-19,EUR,0.86555
2024-11-20,GBP,1.0
2024-11-20,EUR,0.866017
2024-11-21,GBP,1.0
2024-11-21,EUR,0.865952
2024-11-22,GBP,1.0
2024-11-22,EUR,0.864779
2024-11-23,GBP,1.0
2024-11-23,EUR,0.86503
2024-11-24,GBP,1.0
2024-11-24,EUR,0.864564
2024-11-25,GBP,1.0
2024-11-25,EUR,0.863382
2024-11-26,GBP,1.0
2024-11-26,EUR,0.863936
2024-11-27,GBP,1.0
2024-11-27,EUR,0.863815
2024-11-28,GBP,1.0
2024-11-28,EUR,0.865386
2024-11-29,GBP,1.0
2024-11-29,EUR,0.86624
2024-11-30,GBP,1.0
2024-11-30,EUR,0.867133
2024-12-01,GBP,1.0
2024-12-01,EUR,0.867484
2024-12-02,GBP,1.0
2024-12-02,EUR,0.866416
2024-12-03,GBP,1.0
2024-12-03,EUR,0.86529
2024-12-04,GBP,1.0
2024-12-04,EUR,0.863577
2024-12-05,GBP,1.0
2024-12-05,EUR,0.867167
2024-12-06,GBP,1.0
2024-12-06,EUR,0.865825
2024-12-07,GBP,1.0
2024-12-07,EUR,0.865591
2024-12-08,GBP,1.0
2024-12-08,EUR,0.865185
2024-12-09,GBP,1.0
2024-12-09,EUR,0.864892
2024-12-10,GBP,1.0
2024-12-10,EUR,0.864248
2024-12-11,GBP,1.0
2024-12-11,EUR,0.862091
2024-12-12,GBP,1.0
2024-12-12,EUR,0.861083
2024-12-13,GBP,1.0
2024-12-13,EUR,0.859651
2024-12-14,GBP,1.0
2024-12-14,EUR,0.859804
2024-12-15,GBP,1.0
2024-12-15,EUR,0.859276
2024-12-16,GBP,1.0
2024-12-16,EUR,0.858768
2024-12-17,GBP,1.0
2024-12-17,EUR,0.859364
2024-12-18,GBP,1.0
2024-12-18,EUR,0.858968
2024-12-19,GBP,1.0
2024-12-19,EUR,0.860406
2024-12-20,GBP,1.0
2024-12-20,EUR,0.860185
2024-12-21,GBP,1.0
2024-12-21,EUR,0.860705
2024-12-22,GBP,1.0
2024-12-22,EUR,0.859333
2024-12-23,GBP,1.0
2024-12-23,EUR,0.860403
2024-12-24,GBP,1.0
2024-12-24,EUR,0.86014
2024-12-25,GBP,1.0
2024-12-25,EUR,0.860862
2024-12-26,GBP,1.0
2024-12-26,EUR,0.861448
2024-12-27,GBP,1.0
2024-12-27,EUR,0.861395
2024-12-28,GBP,1.0
2024-12-28,EUR,0.861809
2024-12-29,GBP,1.0
2024-12-29,EUR,0.861472
2024-12-30,GBP,1.0
2024-12-30,EUR,0.863224
2024-12-31,GBP,1.0
2024-12-31,EUR,0.864389
2025-01-01,GBP,1.0
2025-01-01,EUR,0.864947
2025-01-02,GBP,1.0
2025-01-02,EUR,0.863475
2025-01-03,GBP,1.0
2025-01-03,EUR,0.862168
2025-01-04,GBP,1.0
2025-01-04,EUR,0.861442
2025-01-05,GBP,1.0
2025-01-05,EUR,0.861248
2025-01-06,GBP,1.0
2025-01-06,EUR,0.861888
2025-01-07,GBP,1.0
2025-01-07,EUR,0.860877
2025-01-08,GBP,1.0
2025-01-08,EUR,0.862397
2025-01-09,GBP,1.0
2025-01-09,EUR,0.862425
2025-01-10,GBP,1.0
2025-01-10,EUR,0.860025
2025-01-11,GBP,1.0
2025-01-11,EUR,0.859583
2025-01-12,GBP,1.0
2025-01-12,EUR,0.856623
2025-01-13,GBP,1.0
2025-01-13,EUR,0.856004
2025-01-14,GBP,1.0
2025-01-14,EUR,0.855651
2025-01-15,GBP,1.0
2025-01-15,EUR,0.855234
2025-01-16,GBP,1.0
2025-01-16,EUR,0.855172
2025-01-17,GBP,1.0
2025-01-17,EUR,0.855022
2025-01-18,GBP,1.0
2025-01-18,EUR,0.854632
2025-01-19,GBP,1.0
2025-01-19,EUR,0.856768
2025-01-20,GBP,1.0
2025-01-20,EUR,0.858444
2025-01-21,GBP,1.0
2025-01-21,EUR,0.857199
2025-01-22,GBP,1.0
2025-01-22,EUR,0.858883
2025-01-23,GBP,1.0
2025-01-23,EUR,0.857023
2025-01-24,GBP,1.0
2025-01-24,EUR,0.856215
2025-01-25,GBP,1.0
2025-01-25,EUR,0.858247
2025-01-26,GBP,1.0
2025-01-26,EUR,0.855649
2025-01-27,GBP,1.0
2025-01-27,EUR,0.85655
2025-01-28,GBP,1.0
2025-01-28,EUR,0.855202
2025-01-29,GBP,1.0
2025-01-29,EUR,0.855243
2025-01-30,GBP,1.0
2025-01-30,EUR,0.85523
2025-01-31,GBP,1.0
2025-01-31,EUR,0.85746
2025-02-01,GBP,1.0
2025-02-01,EUR,0.856559
2025-02-02,GBP,1.0
2025-02-02,EUR,0.856583
2025-02-03,GBP,1.0
2025-02-03,EUR,0.857432
2025-02-04,GBP,1.0
2025-02-04,EUR,0.857173
2025-02-05,GBP,1.0
2025-02-05,EUR,0.856232
2025-02-06,GBP,1.0
2025-02-06,EUR,0.856244
2025-02-07,GBP,1.0
2025-02-07,EUR,0.856428
2025-02-08,GBP,1.0
2025-02-08,EUR,0.857541
2025-02-09,GBP,1.0
2025-02-09,EUR,0.856396
2025-02-10,GBP,1.0
2025-02-10,EUR,0.855889
2025-02-11,GBP,1.0
2025-02-11,EUR,0.856324
2025-02-12,GBP,1.0
2025-02-12,EUR,0.856138
2025-02-13,GBP,1.0
2025-02-13,EUR,0.855929
2025-02-14,GBP,1.0
2025-02-14,EUR,0.855921
2025-02-15,GBP,1.0
2025-02-15,EUR,0.855088
2025-02-16,GBP,1.0
2025-02-16,EUR,0.854161
2025-02-17,GBP,1.0
2025-02-17,EUR,0.854758
2025-02-18,GBP,1.0
2025-02-18,EUR,0.85347
2025-02-19,GBP,1.0
2025-02-19,EUR,0.854948
2025-02-20,GBP,1.0
2025-02-20,EUR,0.855204
2025-02-21,GBP,1.0
2025-02-21,EUR,0.853642
2025-02-22,GBP,1.0
2025-02-22,EUR,0.854019
2025-02-23,GBP,1.0
2025-02-23,EUR,0.854226
2025-02-24,GBP,1.0
2025-02-24,EUR,0.855125
2025-02-25,GBP,1.0
2025-02-25,EUR,0.856444
2025-02-26,GBP,1.0
2025-02-26,EUR,0.855855
2025-02-27,GBP,1.0
2025-02-27,EUR,0.854874
2025-02-28,GBP,1.0
2025-02-28,EUR,0.854052
2025-03-01,GBP,1.0
2025-03-01,EUR,0.852809
2025-03-02,GBP,1.0
2025-03-02,EUR,0.851899
2025-03-03,GBP,1.0
2025-03-03,EUR,0.852259
2025-03-04,GBP,1.0
2025-03-04,EUR,0.852266
2025-03-05,GBP,1.0
2025-03-05,EUR,0.851652
2025-03-06,GBP,1.0
2025-03-06,EUR,0.850761
2025-03-07,GBP,1.0
2025-03-07,EUR,0.851206
2025-03-08,GBP,1.0
2025-03-08,EUR,0.850597
2025-03-09,GBP,1.0
2025-03-09,EUR,0.849361
2025-03-10,GBP,1.0
2025-03-10,EUR,0.84924
2025-03-11,GBP,1.0
2025-03-11,EUR,0.848978
2025-03-12,GBP,1.0
2025-03-12,EUR,0.847749
2025-03-13,GBP,1.0
2025-03-13,EUR,0.848847
2025-03-14,GBP,1.0
2025-03-14,EUR,0.849901
2025-03-15,GBP,1.0
2025-03-15,EUR,0.849923
2025-03-16,GBP,1.0
2025-03-16,EUR,0.85004
2025-03-17,GBP,1.0
2025-03-17,EUR,0.850614
2025-03-18,GBP,1.0
2025-03-18,EUR,0.850478
2025-03-19,GBP,1.0
2025-03-19,EUR,0.851443
2025-03-20,GBP,1.0
2025-03-20,EUR,0.853265
2025-03-21,GBP,1.0
2025-03-21,EUR,0.853093
2025-03-22,GBP,1.0
2025-03-22,EUR,0.853349
2025-03-23,GBP,1.0
2025-03-23,EUR,0.854099
2025-03-24,GBP,1.0
2025-03-24,EUR,0.853347
2025-03-25,GBP,1.0
2025-03-25,EUR,0.851671
2025-03-26,GBP,1.0
2025-03-26,EUR,0.852508
2025-03-27,GBP,1.0
2025-03-27,EUR,0.850321
2025-03-28,GBP,1.0
2025-03-28,EUR,0.85226
2025-03-29,GBP,1.0
2025-03-29,EUR,0.852988
2025-03-30,GBP,1.0
2025-03-30,EUR,0.852848
2025-03-31,GBP,1.0
2025-03-31,EUR,0.852539
2025-04-01,GBP,1.0
2025-04-01,EUR,0.854274
2025-04-02,GBP,1.0
2025-04-02,EUR,0.852672
2025-04-03,GBP,1.0
2025-04-03,EUR,0.850882
2025-04-04,GBP,1.0
2025-04-04,EUR,0.849844
2025-04-05,GBP,1.0
2025-04-05,EUR,0.849249
2025-04-06,GBP,1.0
2025-04-06,EUR,0.847778
2025-04-07,GBP,1.0
2025-04-07,EUR,0.847761
2025-04-08,GBP,1.0
2025-04-08,EUR,0.847711
2025-04-09,GBP,1.0
2025-04-09,EUR,0.846513
2025-04-10,GBP,1.0
2025-04-10,EUR,0.848262
2025-04-11,GBP,1.0
2025-04-11,EUR,0.846318
2025-04-12,GBP,1.0
2025-04-12,EUR,0.844598
2025-04-13,GBP,1.0
2025-04-13,EUR,0.844936
2025-04-14,GBP,1.0
2025-04-14,EUR,0.844545
2025-04-15,GBP,1.0
2025-04-15,EUR,0.844911
2025-04-16,GBP,1.0
2025-04-16,EUR,0.844004
2025-04-17,GBP,1.0
2025-04-17,EUR,0.842634
2025-04-18,GBP,1.0
2025-04-18,EUR,0.841785
2025-04-19,GBP,1.0
2025-04-19,EUR,0.840922
2025-04-20,GBP,1.0
2025-04-20,EUR,0.841542
2025-04-21,GBP,1.0
2025-04-21,EUR,0.840912
2025-04-22,GBP,1.0
2025-04-22,EUR,0.841793
2025-04-23,GBP,1.0
2025-04-23,EUR,0.842411
2025-04-24,GBP,1.0
2025-04-24,EUR,0.843529
2025-04-25,GBP,1.0
2025-04-25,EUR,0.844413
2025-04-26,GBP,1.0
2025-04-26,EUR,0.845102
2025-04-27,GBP,1.0
2025-04-27,EUR,0.845728
2025-04-28,GBP,1.0
2025-04-28,EUR,0.844768
2025-04-29,GBP,1.0
2025-04-29,EUR,0.844151
2025-04-30,GBP,1.0
2025-04-30,EUR,0.841673
2025-05-01,GBP,1.0
2025-05-01,EUR,0.841854
2025-05-02,GBP,1.0
2025-05-02,EUR,0.840856
2025-05-03,GBP,1.0
2025-05-03,EUR,0.841189
2025-05-04,GBP,1.0
2025-05-04,EUR,0.841646
2025-05-05,GBP,1.0
2025-05-05,EUR,0.839814
2025-05-06,GBP,1.0
2025-05-06,EUR,0.83847
2025-05-07,GBP,1.0
2025-05-07,EUR,0.83798
2025-05-08,GBP,1.0
2025-05-08,EUR,0.837302
2025-05-09,GBP,1.0
2025-05-09,EUR,0.837471
2025-05-10,GBP,1.0
2025-05-10,EUR,0.836034
2025-05-11,GBP,1.0
2025-05-11,EUR,0.836102
2025-05-12,GBP,1.0
2025-05-12,EUR,0.834075
2025-05-13,GBP,1.0
2025-05-13,EUR,0.831579
2025-05-14,GBP,1.0
2025-05-14,EUR,0.832645
2025-05-15,GBP,1.0
2025-05-15,EUR,0.831222
2025-05-16,GBP,1.0
2025-05-16,EUR,0.830756
2025-05-17,GBP,1.0
2025-05-17,EUR,0.829275
2025-05-18,GBP,1.0
2025-05-18,EUR,0.827869
2025-05-19,GBP,1.0
2025-05-19,EUR,0.827737
2025-05-20,GBP,1.0
2025-05-20,EUR,0.827589
2025-05-21,GBP,1.0
2025-05-21,EUR,0.829111
2025-05-22,GBP,1.0
2025-05-22,EUR,0.829909
2025-05-23,GBP,1.0
2025-05-23,EUR,0.829806
2025-05-24,GBP,1.0
2025-05-24,EUR,0.830922
2025-05-25,GBP,1.0
2025-05-25,EUR,0.832405
2025-05-26,GBP,1.0
2025-05-26,EUR,0.83296
2025-05-27,GBP,1.0
2025-05-27,EUR,0.832498
2025-05-28,GBP,1.0
2025-05-28,EUR,0.833761
2025-05-29,GBP,1.0
2025-05-29,EUR,0.835853
2025-05-30,GBP,1.0
2025-05-30,EUR,0.836504
2025-05-31,GBP,1.0
2025-05-31,EUR,0.838447
2025-06-01,GBP,1.0
2025-06-01,EUR,0.839273
2025-06-02,GBP,1.0
2025-06-02,EUR,0.839957
2025-06-03,GBP,1.0
2025-06-03,EUR,0.838272
2025-06-04,GBP,1.0
2025-06-04,EUR,0.836638
2025-06-05,GBP,1.0
2025-06-05,EUR,0.836355
2025-06-06,GBP,1.0
2025-06-06,EUR,0.834136
2025-06-07,GBP,1.0
2025-06-07,EUR,0.833313
2025-06-08,GBP,1.0
2025-06-08,EUR,0.834278
2025-06-09,GBP,1.0
2025-06-09,EUR,0.833349
2025-06-10,GBP,1.0
2025-06-10,EUR,0.833898
2025-06-11,GBP,1.0
2025-06-11,EUR,0.832153
2025-06-12,GBP,1.0
2025-06-12,EUR,0.831519
2025-06-13,GBP,1.0
2025-06-13,EUR,0.832731
2025-06-14,GBP,1.0
2025-06-14,EUR,0.8329
2025-06-15,GBP,1.0
2025-06-15,EUR,0.833153
2025-06-16,GBP,1.0
2025-06-16,EUR,0.835085
2025-06-17,GBP,1.0
2025-06-17,EUR,0.836426
2025-06-18,GBP,1.0
2025-06-18,EUR,0.835088
2025-06-19,GBP,1.0
2025-06-19,EUR,0.836445
2025-06-20,GBP,1.0
2025-06-20,EUR,0.83541
2025-06-21,GBP,1.0
2025-06-21,EUR,0.835139
2025-06-22,GBP,1.0
2025-06-22,EUR,0.834918
2025-06-23,GBP,1.0
2025-06-23,EUR,0.835972
2025-06-24,GBP,1.0
2025-06-24,EUR,0.834328
2025-06-25,GBP,1.0
2025-06-25,EUR,0.834659
2025-06-26,GBP,1.0
2025-06-26,EUR,0.835057
2025-06-27,GBP,1.0
2025-06-27,EUR,0.835776
2025-06-28,GBP,1.0
2025-06-28,EUR,0.83523
2025-06-29,GBP,1.0
2025-06-29,EUR,0.836164
2025-06-30,GBP,1.0
2025-06-30,EUR,0.834991
2025-07-01,GBP,1.0
2025-07-01,EUR,0.836105
2025-07-02,GBP,1.0
2025-07-02,EUR,0.836206
2025-07-03,GBP,1.0
2025-07-03,EUR,0.834197
2025-07-04,GBP,1.0
2025-07-04,EUR,0.834456
2025-07-05,GBP,1.0
2025-07-05,EUR,0.834425
2025-07-06,GBP,1.0
2025-07-06,EUR,0.833752
2025-07-07,GBP,1.0
2025-07-07,EUR,0.832654
2025-07-08,GBP,1.0
2025-07-08,EUR,0.832204
2025-07-09,GBP,1.0
2025-07-09,EUR,0.830334
2025-07-10,GBP,1.0
2025-07-10,EUR,0.832314
2025-07-11,GBP,1.0
2025-07-11,EUR,0.830812
2025-07-12,GBP,1.0
2025-07-12,EUR,0.829945
2025-07-13,GBP,1.0
2025-07-13,EUR,0.831287
2025-07-14,GBP,1.0
2025-07-14,EUR,0.83189
2025-07-15,GBP,1.0
2025-07-15,EUR,0.832624
2025-07-16,GBP,1.0
2025-07-16,EUR,0.834278
2025-07-17,GBP,1.0
2025-07-17,EUR,0.833653
2025-07-18,GBP,1.0
2025-07-18,EUR,0.832179
2025-07-19,GBP,1.0
2025-07-19,EUR,0.833048
2025-07-20,GBP,1.0
2025-07-20,EUR,0.833816
2025-07-21,GBP,1.0
2025-07-21,EUR,0.833198
2025-07-22,GBP,1.0
2025-07-22,EUR,0.831485
2025-07-23,GBP,1.0
2025-07-23,EUR,0.832865
2025-07-24,GBP,1.0
2025-07-24,EUR,0.83338
2025-07-25,GBP,1.0
2025-07-25,EUR,0.831532
2025-07-26,GBP,1.0
2025-07-26,EUR,0.832362
2025-07-27,GBP,1.0
2025-07-27,EUR,0.830486
2025-07-28,GBP,1.0
2025-07-28,EUR,0.829856
2025-07-29,GBP,1.0
2025-07-29,EUR,0.828491
2025-07-30,GBP,1.0
2025-07-30,EUR,0.827778
2025-07-31,GBP,1.0
2025-07-31,EUR,0.826869
2025-08-01,GBP,1.0
2025-08-01,EUR,0.826271
2025-08-02,GBP,1.0
2025-08-02,EUR,0.827311
2025-08-03,GBP,1.0
2025-08-03,EUR,0.827786
2025-08-04,GBP,1.0
2025-08-04,EUR,0.828641
2025-08-05,GBP,1.0
2025-08-05,EUR,0.830012
2025-08-06,GBP,1.0
2025-08-06,EUR,0.82956
2025-08-07,GBP,1.0
2025-08-07,EUR,0.829677
2025-08-08,GBP,1.0
2025-08-08,EUR,0.830342
2025-08-09,GBP,1.0
2025-08-09,EUR,0.832379
2025-08-10,GBP,1.0
2025-08-10,EUR,0.833349
2025-08-11,GBP,1.0
2025-08-11,EUR,0.834853
2025-08-12,GBP,1.0
2025-08-12,EUR,0.835851
2025-08-13,GBP,1.0
2025-08-13,EUR,0.83685
2025-08-14,GBP,1.0
2025-08-14,EUR,0.834393
2025-08-15,GBP,1.0
2025-08-15,EUR,0.835261
2025-08-16,GBP,1.0
2025-08-16,EUR,0.83529
2025-08-17,GBP,1.0
2025-08-17,EUR,0.835131
2025-08-18,GBP,1.0
2025-08-18,EUR,0.834288
2025-08-19,GBP,1.0
2025-08-19,EUR,0.833614
2025-08-20,GBP,1.0
2025-08-20,EUR,0.83399
2025-08-21,GBP,1.0
2025-08-21,EUR,0.83486
2025-08-22,GBP,1.0
2025-08-22,EUR,0.832887
2025-08-23,GBP,1.0
2025-08-23,EUR,0.833078
2025-08-24,GBP,1.0
2025-08-24,EUR,0.832331
2025-08-25,GBP,1.0
2025-08-25,EUR,0.831159
2025-08-26,GBP,1.0
2025-08-26,EUR,0.831664
2025-08-27,GBP,1.0
2025-08-27,EUR,0.831284
2025-08-28,GBP,1.0
2025-08-28,EUR,0.830534
2025-08-29,GBP,1.0
2025-08-29,EUR,0.829695
2025-08-30,GBP,1.0
2025-08-30,EUR,0.830166
2025-08-31,GBP,1.0
2025-08-31,EUR,0.830271
2025-09-01,GBP,1.0
2025-09-01,EUR,0.82908
2025-09-02,GBP,1.0
2025-09-02,EUR,0.828256
2025-09-03,GBP,1.0
2025-09-03,EUR,0.828271
2025-09-04,GBP,1.0
2025-09-04,EUR,0.828998
2025-09-05,GBP,1.0
2025-09-05,EUR,0.82795
2025-09-06,GBP,1.0
2025-09-06,EUR,0.828808
2025-09-07,GBP,1.0
2025-09-07,EUR,0.828057
2025-09-08,GBP,1.0
2025-09-08,EUR,0.831613
2025-09-09,GBP,1.0
2025-09-09,EUR,0.830597
2025-09-10,GBP,1.0
2025-09-10,EUR,0.829822
2025-09-11,GBP,1.0
2025-09-11,EUR,0.830274
2025-09-12,GBP,1.0
2025-09-12,EUR,0.829397
2025-09-13,GBP,1.0
2025-09-13,EUR,0.830648
2025-09-14,GBP,1.0
2025-09-14,EUR,0.833014
2025-09-15,GBP,1.0
2025-09-15,EUR,0.832644
2025-09-16,GBP,1.0
2025-09-16,EUR,0.832974
2025-09-17,GBP,1.0
2025-09-17,EUR,0.832468
2025-09-18,GBP,1.0
2025-09-18,EUR,0.832618
2025-09-19,GBP,1.0
2025-09-19,EUR,0.834488
2025-09-20,GBP,1.0
2025-09-20,EUR,0.835629
2025-09-21,GBP,1.0
2025-09-21,EUR,0.834564
2025-09-22,GBP,1.0
2025-09-22,EUR,0.836503
2025-09-23,GBP,1.0
2025-09-23,EUR,0.837894
2025-09-24,GBP,1.0
2025-09-24,EUR,0.838414
2025-09-25,GBP,1.0
2025-09-25,EUR,0.837544
2025-09-26,GBP,1.0
2025-09-26,EUR,0.837597
2025-09-27,GBP,1.0
2025-09-27,EUR,0.836625
2025-09-28,GBP,1.0
2025-09-28,EUR,0.837227
2025-09-29,GBP,1.0
2025-09-29,EUR,0.836869
2025-09-30,GBP,1.0
2025-09-30,EUR,0.834237
2025-10-01,GBP,1.0
2025-10-01,EUR,0.835541
2025-10-02,GBP,1.0
2025-10-02,EUR,0.835909
2025-10-03,GBP,1.0
2025-10-03,EUR,0.837334
2025-10-04,GBP,1.0
2025-10-04,EUR,0.83724
2025-10-05,GBP,1.0
2025-10-05,EUR,0.837552
2025-10-06,GBP,1.0
2025-10-06,EUR,0.838972
2025-10-07,GBP,1.0
2025-10-07,EUR,0.839459
2025-10-08,GBP,1.0
2025-10-08,EUR,0.839814
2025-10-09,GBP,1.0
2025-10-09,EUR,0.843673
2025-10-10,GBP,1.0
2025-10-10,EUR,0.843291
2025-10-11,GBP,1.0
2025-10-11,EUR,0.843346
2025-10-12,GBP,1.0
2025-10-12,EUR,0.845287
2025-10-13,GBP,1.0
2025-10-13,EUR,0.844096
2025-10-14,GBP,1.0
2025-10-14,EUR,0.842693
2025-10-15,GBP,1.0
2025-10-15,EUR,0.840903
2025-10-16,GBP,1.0
2025-10-16,EUR,0.841573
2025-10-17,GBP,1.0
2025-10-17,EUR,0.842332
2025-10-18,GBP,1.0
2025-10-18,EUR,0.843205
2025-10-19,GBP,1.0
2025-10-19,EUR,0.841531
2025-10-20,GBP,1.0
2025-10-20,EUR,0.842785
2025-10-21,GBP,1.0
2025-10-21,EUR,0.844218
2025-10-22,GBP,1.0
2025-10-22,EUR,0.844038
2025-10-23,GBP,1.0
2025-10-23,EUR,0.844035
2025-10-24,GBP,1.0
2025-10-24,EUR,0.844817
2025-10-25,GBP,1.0
2025-10-25,EUR,0.845202
2025-10-26,GBP,1.0
2025-10-26,EUR,0.845909
2025-10-27,GBP,1.0
2025-10-27,EUR,0.844521
2025-10-28,GBP,1.0
2025-10-28,EUR,0.844308
2025-10-29,GBP,1.0
2025-10-29,EUR,0.842872
2025-10-30,GBP,1.0
2025-10-30,EUR,0.843734
2025-10-31,GBP,1.0
2025-10-31,EUR,0.844444
2025-11-01,GBP,1.0
2025-11-01,EUR,0.844377
2025-11-02,GBP,1.0
2025-11-02,EUR,0.8448
2025-11-03,GBP,1.0
2025-11-03,EUR,0.842991
2025-11-04,GBP,1.0
2025-11-04,EUR,0.844183
2025-11-05,GBP,1.0
2025-11-05,EUR,0.843738
2025-11-06,GBP,1.0
2025-11-06,EUR,0.844043
2025-11-07,GBP,1.0
2025-11-07,EUR,0.84553
2025-11-08,GBP,1.0
2025-11-08,EUR,0.844709
2025-11-09,GBP,1.0
2025-11-09,EUR,0.846287
2025-11-10,GBP,1.0
2025-11-10,EUR,0.84651
2025-11-11,GBP,1.0
2025-11-11,EUR,0.846621
2025-11-12,GBP,1.0
2025-11-12,EUR,0.847372
2025-11-13,GBP,1.0
2025-11-13,EUR,0.845936
2025-11-14,GBP,1.0
2025-11-14,EUR,0.846793
2025-11-15,GBP,1.0
2025-11-15,EUR,0.846982
2025-11-16,GBP,1.0
2025-11-16,EUR,0.848343
2025-11-17,GBP,1.0
2025-11-17,EUR,0.848146
2025-11-18,GBP,1.0
2025-11-18,EUR,0.847796
2025-11-19,GBP,1.0
2025-11-19,EUR,0.848356
2025-11-20,GBP,1.0
2025-11-20,EUR,0.848387
2025-11-21,GBP,1.0
2025-11-21,EUR,0.847091
2025-11-22,GBP,1.0
2025-11-22,EUR,0.847049
2025-11-23,GBP,1.0
2025-11-23,EUR,0.848776
2025-11-24,GBP,1.0
2025-11-24,EUR,0.848797
2025-11-25,GBP,1.0
2025-11-25,EUR,0.847897
2025-11-26,GBP,1.0
2025-11-26,EUR,0.848959
2025-11-27,GBP,1.0
2025-11-27,EUR,0.846897
2025-11-28,GBP,1.0
2025-11-28,EUR,0.844631
2025-11-29,GBP,1.0
2025-11-29,EUR,0.84503
2025-11-30,GBP,1.0
2025-11-30,EUR,0.845645
2025-12-01,GBP,1.0
2025-12-01,EUR,0.846288
2025-12-02,GBP,1.0
2025-12-02,EUR,0.845577
2025-12-03,GBP,1.0
2025-12-03,EUR,0.845805
2025-12-04,GBP,1.0
2025-12-04,EUR,0.844536
2025-12-05,GBP,1.0
2025-12-05,EUR,0.845285
2025-12-06,GBP,1.0
2025-12-06,EUR,0.843808
2025-12-07,GBP,1.0
2025-12-07,EUR,0.844176
2025-12-08,GBP,1.0
2025-12-08,EUR,0.845032
2025-12-09,GBP,1.0
2025-12-09,EUR,0.843435
2025-12-10,GBP,1.0
2025-12-10,EUR,0.843412
2025-12-11,GBP,1.0
2025-12-11,EUR,0.844975
2025-12-12,GBP,1.0
2025-12-12,EUR,0.847385
2025-12-13,GBP,1.0
2025-12-13,EUR,0.846024
2025-12-14,GBP,1.0
2025-12-14,EUR,0.846955
2025-12-15,GBP,1.0
2025-12-15,EUR,0.845962
2025-12-16,GBP,1.0
2025-12-16,EUR,0.844898
2025-12-17,GBP,1.0
2025-12-17,EUR,0.84743
2025-12-18,GBP,1.0
2025-12-18,EUR,0.848734
2025-12-19,GBP,1.0
2025-12-19,EUR,0.848217
2025-12-20,GBP,1.0
2025-12-20,EUR,0.848966
2025-12-21,GBP,1.0
2025-12-21,EUR,0.850197
2025-12-22,GBP,1.0
2025-12-22,EUR,0.850826
2025-12-23,GBP,1.0
2025-12-23,EUR,0.853914
2025-12-24,GBP,1.0
2025-12-24,EUR,0.854889
2025-12-25,GBP,1.0
2025-12-25,EUR,0.851509
2025-12-26,GBP,1.0
2025-12-26,EUR,0.851552
2025-12-27,GBP,1.0
2025-12-27,EUR,0.851069
2025-12-28,GBP,1.0
2025-12-28,EUR,0.85126
2025-12-29,GBP,1.0
2025-12-29,EUR,0.851714
2025-12-30,GBP,1.0
2025-12-30,EUR,0.851359
2025-12-31,GBP,1.0
2025-12-31,EUR,0.850513
2026-01-01,GBP,1.0
2026-01-01,EUR,0.852657
2026-01-02,GBP,1.0
2026-01-02,EUR,0.853786
2026-01-03,GBP,1.0
2026-01-03,EUR,0.853348
2026-01-04,GBP,1.0
2026-01-04,EUR,0.854562
2026-01-05,GBP,1.0
2026-01-05,EUR,0.855721
2026-01-06,GBP,1.0
2026-01-06,EUR,0.857543
2026-01-07,GBP,1.0
2026-01-07,EUR,0.856498
2026-01-08,GBP,1.0
2026-01-08,EUR,0.857717
2026-01-09,GBP,1.0
2026-01-09,EUR,0.85722
2026-01-10,GBP,1.0
2026-01-10,EUR,0.858873
2026-01-11,GBP,1.0
2026-01-11,EUR,0.858837
2026-01-12,GBP,1.0
2026-01-12,EUR,0.856317
2026-01-13,GBP,1.0
2026-01-13,EUR,0.856701
2026-01-14,GBP,1.0
2026-01-14,EUR,0.854893
2026-01-15,GBP,1.0
2026-01-15,EUR,0.855065
2026-01-16,GBP,1.0
2026-01-16,EUR,0.855428
2026-01-17,GBP,1.0
2026-01-17,EUR,0.855371
2026-01-18,GBP,1.0
2026-01-18,EUR,0.854023
2026-01-19,GBP,1.0
2026-01-19,EUR,0.853197
2026-01-20,GBP,1.0
2026-01-20,EUR,0.852747
2026-01-21,GBP,1.0
2026-01-21,EUR,0.853043
2026-01-22,GBP,1.0
2026-01-22,EUR,0.855178
2026-01-23,GBP,1.0
2026-01-23,EUR,0.856519
2026-01-24,GBP,1.0
2026-01-24,EUR,0.856384
2026-01-25,GBP,1.0
2026-01-25,EUR,0.858359
2026-01-26,GBP,1.0
2026-01-26,EUR,0.857074
2026-01-27,GBP,1.0
2026-01-27,EUR,0.858324
2026-01-28,GBP,1.0
2026-01-28,EUR,0.858488
2026-01-29,GBP,1.0
2026-01-29,EUR,0.859145
2026-01-30,GBP,1.0
2026-01-30,EUR,0.86026
2026-01-31,GBP,1.0
2026-01-31,EUR,0.859744
2026-02-01,GBP,1.0
2026-02-01,EUR,0.861039
2026-02-02,GBP,1.0
2026-02-02,EUR,0.861304
2026-02-03,GBP,1.0
2026-02-03,EUR,0.864468
2026-02-04,GBP,1.0
2026-02-04,EUR,0.864221
2026-02-05,GBP,1.0
2026-02-05,EUR,0.865882
2026-02-06,GBP,1.0
2026-02-06,EUR,0.86672
2026-02-07,GBP,1.0
2026-02-07,EUR,0.865338
2026-02-08,GBP,1.0
2026-02-08,EUR,0.867072
2026-02-09,GBP,1.0
2026-02-09,EUR,0.865821
2026-02-10,GBP,1.0
2026-02-10,EUR,0.863233
2026-02-11,GBP,1.0
2026-02-11,EUR,0.864482
2026-02-12,GBP,1.0
2026-02-12,EUR,0.865934
2026-02-13,GBP,1.0
2026-02-13,EUR,0.866099
2026-02-14,GBP,1.0
2026-02-14,EUR,0.865885
2026-02-15,GBP,1.0
2026-02-15,EUR,0.867901
2026-02-16,GBP,1.0
2026-02-16,EUR,0.868775
2026-02-17,GBP,1.0
2026-02-17,EUR,0.86797
2026-02-18,GBP,1.0
2026-02-18,EUR,0.868874
2026-02-19,GBP,1.0
2026-02-19,EUR,0.867369
2026-02-20,GBP,1.0
2026-02-20,EUR,0.866764
2026-02-21,GBP,1.0
2026-02-21,EUR,0.865604
2026-02-22,GBP,1.0
2026-02-22,EUR,0.863127
2026-02-23,GBP,1.0
2026-02-23,EUR,0.862006
2026-02-24,GBP,1.0
2026-02-24,EUR,0.863825
2026-02-25,GBP,1.0
2026-02-25,EUR,0.862772
2026-02-26,GBP,1.0
2026-02-26,EUR,0.862433
2026-02-27,GBP,1.0
2026-02-27,EUR,0.861381
2026-02-28,GBP,1.0
2026-02-28,EUR,0.862818
2026-03-01,GBP,1.0
2026-03-01,EUR,0.863149
2026-03-02,GBP,1.0
2026-03-02,EUR,0.864053
2026-03-03,GBP,1.0
2026-03-03,EUR,0.8642
2026-03-04,GBP,1.0
2026-03-04,EUR,0.863064
2026-03-05,GBP,1.0
2026-03-05,EUR,0.862224
2026-03-06,GBP,1.0
2026-03-06,EUR,0.863602
2026-03-07,GBP,1.0
2026-03-07,EUR,0.863839
2026-03-08,GBP,1.0
2026-03-08,EUR,0.865065
2026-03-09,GBP,1.0
2026-03-09,EUR,0.861508
2026-03-10,GBP,1.0
2026-03-10,EUR,0.863258
2026-03-11,GBP,1.0
2026-03-11,EUR,0.862996
2026-03-12,GBP,1.0
2026-03-12,EUR,0.86595
2026-03-13,GBP,1.0
2026-03-13,EUR,0.865537
2026-03-14,GBP,1.0
2026-03-14,EUR,0.865793
2026-03-15,GBP,1.0
2026-03-15,EUR,0.866796
2026-03-16,GBP,1.0
2026-03-16,EUR,0.865906
2026-03-17,GBP,1.0
2026-03-17,EUR,0.86716
2026-03-18,GBP,1.0
2026-03-18,EUR,0.86653
2026-03-19,GBP,1.0
2026-03-19,EUR,0.868253
2026-03-20,GBP,1.0
2026-03-20,EUR,0.869296
2026-03-21,GBP,1.0
2026-03-21,EUR,0.869929
2026-03-22,GBP,1.0
2026-03-22,EUR,0.869067
2026-03-23,GBP,1.0
2026-03-23,EUR,0.868864
2026-03-24,GBP,1.0
2026-03-24,EUR,0.869283
2026-03-25,GBP,1.0
2026-03-25,EUR,0.866882
2026-03-26,GBP,1.0
2026-03-26,EUR,0.866377
2026-03-27,GBP,1.0
2026-03-27,EUR,0.867685
2026-03-28,GBP,1.0
2026-03-28,EUR,0.866279
2026-03-29,GBP,1.0
2026-03-29,EUR,0.867999
2026-03-30,GBP,1.0
2026-03-30,EUR,0.867343
2026-03-31,GBP,1.0
2026-03-31,EUR,0.86786
2026-04-01,GBP,1.0
2026-04-01,EUR,0.866585
2026-04-02,GBP,1.0
2026-04-02,EUR,0.86733
2026-04-03,GBP,1.0
2026-04-03,EUR,0.86801
2026-04-04,GBP,1.0
2026-04-04,EUR,0.869462
2026-04-05,GBP,1.0
2026-04-05,EUR,0.871101
2026-04-06,GBP,1.0
2026-04-06,EUR,0.872535
2026-04-07,GBP,1.0
2026-04-07,EUR,0.872642
2026-04-08,GBP,1.0
2026-04-08,EUR,0.871018
2026-04-09,GBP,1.0
2026-04-09,EUR,0.872533
2026-04-10,GBP,1.0
2026-04-10,EUR,0.870815
2026-04-11,GBP,1.0
2026-04-11,EUR,0.870219
2026-04-12,GBP,1.0
2026-04-12,EUR,0.871061
2026-04-13,GBP,1.0
2026-04-13,EUR,0.871504
2026-04-14,GBP,1.0
2026-04-14,EUR,0.873302
2026-04-15,GBP,1.0
2026-04-15,EUR,0.873089
2026-04-16,GBP,1.0
2026-04-16,EUR,0.870861
2026-04-17,GBP,1.0
2026-04-17,EUR,0.870437
2026-04-18,GBP,1.0
2026-04-18,EUR,0.87057
2026-04-19,GBP,1.0
2026-04-19,EUR,0.870062
2026-04-20,GBP,1.0
2026-04-20,EUR,0.871691
2026-04-21,GBP,1.0
2026-04-21,EUR,0.871242
2026-04-22,GBP,1.0
2026-04-22,EUR,0.869385
2026-04-23,GBP,1.0
2026-04-23,EUR,0.8699
2026-04-24,GBP,1.0
2026-04-24,EUR,0.868446
2026-04-25,GBP,1.0
2026-04-25,EUR,0.870477
2026-04-26,GBP,1.0
2026-04-26,EUR,0.870686
2026-04-27,GBP,1.0
2026-04-27,EUR,0.868871
2026-04-28,GBP,1.0
2026-04-28,EUR,0.87012
2026-04-29,GBP,1.0
2026-04-29,EUR,0.87285
2026-04-30,GBP,1.0
2026-04-30,EUR,0.870189
2026-05-01,GBP,1.0
2026-05-01,EUR,0.871144
2026-05-02,GBP,1.0
2026-05-02,EUR,0.871542
2026-05-03,GBP,1.0
2026-05-03,EUR,0.871545
2026-05-04,GBP,1.0
2026-05-04,EUR,0.871742
2026-05-05,GBP,1.0
2026-05-05,EUR,0.872102
2026-05-06,GBP,1.0
2026-05-06,EUR,0.871015
2026-05-07,GBP,1.0
2026-05-07,EUR,0.872501
2026-05-08,GBP,1.0
2026-05-08,EUR,0.870593
2026-05-09,GBP,1.0
2026-05-09,EUR,0.872744
2026-05-10,GBP,1.0
2026-05-10,EUR,0.874263
2026-05-11,GBP,1.0
2026-05-11,EUR,0.872443
2026-05-12,GBP,1.0
2026-05-12,EUR,0.872124
2026-05-13,GBP,1.0
2026-05-13,EUR,0.873523
2026-05-14,GBP,1.0
2026-05-14,EUR,0.872553
2026-05-15,GBP,1.0
2026-05-15,EUR,0.872017
2026-05-16,GBP,1.0
2026-05-16,EUR,0.871213
2026-05-17,GBP,1.0
2026-05-17,EUR,0.872326
2026-05-18,GBP,1.0
2026-05-18,EUR,0.871245
2026-05-19,GBP,1.0
2026-05-19,EUR,0.870927
2026-05-20,GBP,1.0
2026-05-20,EUR,0.871278
2026-05-21,GBP,1.0
2026-05-21,EUR,0.870705
2026-05-22,GBP,1.0
2026-05-22,EUR,0.869363
2026-05-23,GBP,1.0
2026-05-23,EUR,0.867509
2026-05-24,GBP,1.0
2026-05-24,EUR,0.865528
2026-05-25,GBP,1.0
2026-05-25,EUR,0.864043
2026-05-26,GBP,1.0
2026-05-26,EUR,0.861976
2026-05-27,GBP,1.0
2026-05-27,EUR,0.861195
2026-05-28,GBP,1.0
2026-05-28,EUR,0.861678
2026-05-29,GBP,1.0
2026-05-29,EUR,0.861832
2026-05-30,GBP,1.0
2026-05-30,EUR,0.860913
2026-05-31,GBP,1.0
2026-05-31,EUR,0.859801
2026-06-01,GBP,1.0
2026-06-01,EUR,0.858765
2026-06-02,GBP,1.0
2026-06-02,EUR,0.857299
2026-06-03,GBP,1.0
2026-06-03,EUR,0.856079
2026-06-04,GBP,1.0
2026-06-04,EUR,0.857252
2026-06-05,GBP,1.0
2026-06-05,EUR,0.855814
2026-06-06,GBP,1.0
2026-06-06,EUR,0.856144
2026-06-07,GBP,1.0
2026-06-07,EUR,0.855687
2026-06-08,GBP,1.0
2026-06-08,EUR,0.858897
2026-06-09,GBP,1.0
2026-06-09,EUR,0.856868
2026-06-10,GBP,1.0
2026-06-10,EUR,0.85732
2026-06-11,GBP,1.0
2026-06-11,EUR,0.857106
2026-06-12,GBP,1.0
2026-06-12,EUR,0.856369
2026-06-13,GBP,1.0
2026-06-13,EUR,0.856962
2026-06-14,GBP,1.0
2026-06-14,EUR,0.857324
2026-06-15,GBP,1.0
2026-06-15,EUR,0.856189
2026-06-16,GBP,1.0
2026-06-16,EUR,0.856895
2026-06-17,GBP,1.0
2026-06-17,EUR,0.857511
2026-06-18,GBP,1.0
2026-06-18,EUR,0.859191
2026-06-19,GBP,1.0
2026-06-19,EUR,0.858473
2026-06-20,GBP,1.0
2026-06-20,EUR,0.860278
2026-06-21,GBP,1.0
2026-06-21,EUR,0.859982
2026-06-22,GBP,1.0
2026-06-22,EUR,0.857555
2026-06-23,GBP,1.0
2026-06-23,EUR,0.858238
2026-06-24,GBP,1.0
2026-06-24,EUR,0.858151
2026-06-25,GBP,1.0
2026-06-25,EUR,0.857098
2026-06-26,GBP,1.0
2026-06-26,EUR,0.858265
2026-06-27,GBP,1.0
2026-06-27,EUR,0.857678
2026-06-28,GBP,1.0
2026-06-28,EUR,0.858897
2026-06-29,GBP,1.0
2026-06-29,EUR,0.858724
2026-06-30,GBP,1.0
2026-06-30,EUR,0.85955
2026-07-01,GBP,1.0
2026-07-01,EUR,0.860238
2026-07-02,GBP,1.0
2026-07-02,EUR,0.860634
2026-07-03,GBP,1.0
2026-07-03,EUR,0.859194
2026-07-04,GBP,1.0
2026-07-04,EUR,0.860158
2026-07-05,GBP,1.0
2026-07-05,EUR,0.859985
2026-07-06,GBP,1.0
2026-07-06,EUR,0.862187
2026-07-07,GBP,1.0
2026-07-07,EUR,0.86244
2026-07-08,GBP,1.0
2026-07-08,EUR,0.862997
2026-07-09,GBP,1.0
2026-07-09,EUR,0.861697
2026-07-10,GBP,1.0
2026-07-10,EUR,0.860881
2026-07-11,GBP,1.0
2026-07-11,EUR,0.860699
2026-07-12,GBP,1.0
2026-07-12,EUR,0.858996
2026-07-13,GBP,1.0
2026-07-13,EUR,0.857367
2026-07-14,GBP,1.0
2026-07-14,EUR,0.857083
2026-07-15,GBP,1.0
2026-07-15,EUR,0.85684
2026-07-16,GBP,1.0
2026-07-16,EUR,0.856935
2026-07-17,GBP,1.0
2026-07-17,EUR,0.858112
2026-07-18,GBP,1.0
2026-07-18,EUR,0.8574
2026-07-19,GBP,1.0
2026-07-19,EUR,0.85801
2026-07-20,GBP,1.0
2026-07-20,EUR,0.857588
2026-07-21,GBP,1.0
2026-07-21,EUR,0.857118
2026-07-22,GBP,1.0
2026-07-22,EUR,0.857203
2026-07-23,GBP,1.0
2026-07-23,EUR,0.854483
2026-07-24,GBP,1.0
2026-07-24,EUR,0.85445
2026-07-25,GBP,1.0
2026-07-25,EUR,0.853563
2026-07-26,GBP,1.0
2026-07-26,EUR,0.85236
2026-07-27,GBP,1.0
2026-07-27,EUR,0.850059
2026-07-28,GBP,1.0
2026-07-28,EUR,0.849596
2026-07-29,GBP,1.0
2026-07-29,EUR,0.847424
2026-07-30,GBP,1.0
2026-07-30,EUR,0.848648
2026-07-31,GBP,1.0
2026-07-31,EUR,0.848469
2026-08-01,GBP,1.0
2026-08-01,EUR,0.846558
2026-08-02,GBP,1.0
2026-08-02,EUR,0.845943
2026-08-03,GBP,1.0
2026-08-03,EUR,0.847063
2026-08-04,GBP,1.0
2026-08-04,EUR,0.846498
2026-08-05,GBP,1.0
2026-08-05,EUR,0.846328
2026-08-06,GBP,1.0
2026-08-06,EUR,0.846051
2026-08-07,GBP,1.0
2026-08-07,EUR,0.846067
2026-08-08,GBP,1.0
2026-08-08,EUR,0.844187
2026-08-09,GBP,1.0
2026-08-09,EUR,0.844377
2026-08-10,GBP,1.0
2026-08-10,EUR,0.843932
2026-08-11,GBP,1.0
2026-08-11,EUR,0.847715
2026-08-12,GBP,1.0
2026-08-12,EUR,0.8475
2026-08-13,GBP,1.0
2026-08-13,EUR,0.846994
2026-08-14,GBP,1.0
2026-08-14,EUR,0.848238
2026-08-15,GBP,1.0
2026-08-15,EUR,0.848037
2026-08-16,GBP,1.0
2026-08-16,EUR,0.848329
2026-08-17,GBP,1.0
2026-08-17,EUR,0.847244
2026-08-18,GBP,1.0
2026-08-18,EUR,0.84912
2026-08-19,GBP,1.0
2026-08-19,EUR,0.848273
2026-08-20,GBP,1.0
2026-08-20,EUR,0.848664
2026-08-21,GBP,1.0
2026-08-21,EUR,0.849936
2026-08-22,GBP,1.0
2026-08-22,EUR,0.849411
2026-08-23,GBP,1.0
2026-08-23,EUR,0.849269
2026-08-24,GBP,1.0
2026-08-24,EUR,0.84983
2026-08-25,GBP,1.0
2026-08-25,EUR,0.85047
2026-08-26,GBP,1.0
2026-08-26,EUR,0.848942
2026-08-27,GBP,1.0
2026-08-27,EUR,0.849009
2026-08-28,GBP,1.0
2026-08-28,EUR,0.847712
2026-08-29,GBP,1.0
2026-08-29,EUR,0.846713
2026-08-30,GBP,1.0
2026-08-30,EUR,0.845872
2026-08-31,GBP,1.0
2026-08-31,EUR,0.847302
2026-09-01,GBP,1.0
2026-09-01,EUR,0.849111
2026-09-02,GBP,1.0
2026-09-02,EUR,0.852032
2026-09-03,GBP,1.0
2026-09-03,EUR,0.851605
2026-09-04,GBP,1.0
2026-09-04,EUR,0.850251
2026-09-05,GBP,1.0
2026-09-05,EUR,0.848803
2026-09-06,GBP,1.0
2026-09-06,EUR,0.850514
2026-09-07,GBP,1.0
2026-09-07,EUR,0.848357
2026-09-08,GBP,1.0
2026-09-08,EUR,0.847766
2026-09-09,GBP,1.0
2026-09-09,EUR,0.8469
2026-09-10,GBP,1.0
2026-09-10,EUR,0.84885
2026-09-11,GBP,1.0
2026-09-11,EUR,0.84738
2026-09-12,GBP,1.0
2026-09-12,EUR,0.848515
2026-09-13,GBP,1.0
2026-09-13,EUR,0.849841
2026-09-14,GBP,1.0
2026-09-14,EUR,0.849319
2026-09-15,GBP,1.0
2026-09-15,EUR,0.849575
2026-09-16,GBP,1.0
2026-09-16,EUR,0.847408
2026-09-17,GBP,1.0
2026-09-17,EUR,0.847084
2026-09-18,GBP,1.0
2026-09-18,EUR,0.846619
2026-09-19,GBP,1.0
2026-09-19,EUR,0.843334
2026-09-20,GBP,1.0
2026-09-20,EUR,0.843802
2026-09-21,GBP,1.0
2026-09-21,EUR,0.844169
2026-09-22,GBP,1.0
2026-09-22,EUR,0.842055
2026-09-23,GBP,1.0
2026-09-23,EUR,0.840379
2026-09-24,GBP,1.0
2026-09-24,EUR,0.839577
2026-09-25,GBP,1.0
2026-09-25,EUR,0.839075
2026-09-26,GBP,1.0
2026-09-26,EUR,0.838861
2026-09-27,GBP,1.0
2026-09-27,EUR,0.837871
2026-09-28,GBP,1.0
2026-09-28,EUR,0.836867
2026-09-29,GBP,1.0
2026-09-29,EUR,0.837486
2026-09-30,GBP,1.0
2026-09-30,EUR,0.837133
2026-10-01,GBP,1.0
2026-10-01,EUR,0.837235
2026-10-02,GBP,1.0
2026-10-02,EUR,0.837181
2026-10-03,GBP,1.0
2026-10-03,EUR,0.837951
2026-10-04,GBP,1.0
2026-10-04,EUR,0.837945
2026-10-05,GBP,1.0
2026-10-05,EUR,0.839155
2026-10-06,GBP,1.0
2026-10-06,EUR,0.839391
2026-10-07,GBP,1.0
2026-10-07,EUR,0.840555
2026-10-08,GBP,1.0
2026-10-08,EUR,0.842089
2026-10-09,GBP,1.0
2026-10-09,EUR,0.840294
2026-10-10,GBP,1.0
2026-10-10,EUR,0.841445
2026-10-11,GBP,1.0
2026-10-11,EUR,0.84357
2026-10-12,GBP,1.0
2026-10-12,EUR,0.842279
2026-10-13,GBP,1.0
2026-10-13,EUR,0.84218
2026-10-14,GBP,1.0
2026-10-14,EUR,0.841694
2026-10-15,GBP,1.0
2026-10-15,EUR,0.842187
2026-10-16,GBP,1.0
2026-10-16,EUR,0.84275
2026-10-17,GBP,1.0
2026-10-17,EUR,0.841856
2026-10-18,GBP,1.0
2026-10-18,EUR,0.843383
2026-10-19,GBP,1.0
2026-10-19,EUR,0.84223
2026-10-20,GBP,1.0
2026-10-20,EUR,0.841996
2026-10-21,GBP,1.0
2026-10-21,EUR,0.843167
2026-10-22,GBP,1.0
2026-10-22,EUR,0.845395
2026-10-23,GBP,1.0
2026-10-23,EUR,0.844551
2026-10-24,GBP,1.0
2026-10-24,EUR,0.845303
2026-10-25,GBP,1.0
2026-10-25,EUR,0.845343
2026-10-26,GBP,1.0
2026-10-26,EUR,0.843218
2026-10-27,GBP,1.0
2026-10-27,EUR,0.841951
2026-10-28,GBP,1.0
2026-10-28,EUR,0.840449
2026-10-29,GBP,1.0
2026-10-29,EUR,0.839865
2026-10-30,GBP,1.0
2026-10-30,EUR,0.839414
2026-10-31,GBP,1.0
2026-10-31,EUR,0.839519
2026-11-01,GBP,1.0
2026-11-01,EUR,0.841121
2026-11-02,GBP,1.0
2026-11-02,EUR,0.841617
2026-11-03,GBP,1.0
2026-11-03,EUR,0.844766
2026-11-04,GBP,1.0
2026-11-04,EUR,0.844283
2026-11-05,GBP,1.0
2026-11-05,EUR,0.845065
2026-11-06,GBP,1.0
2026-11-06,EUR,0.84536
2026-11-07,GBP,1.0
2026-11-07,EUR,0.846953
2026-11-08,GBP,1.0
2026-11-08,EUR,0.846206
2026-11-09,GBP,1.0
2026-11-09,EUR,0.846967
2026-11-10,GBP,1.0
2026-11-10,EUR,0.848633
2026-11-11,GBP,1.0
2026-11-11,EUR,0.847398
2026-11-12,GBP,1.0
2026-11-12,EUR,0.847003
2026-11-13,GBP,1.0
2026-11-13,EUR,0.847325
2026-11-14,GBP,1.0
2026-11-14,EUR,0.846507
2026-11-15,GBP,1.0
2026-11-15,EUR,0.845205
2026-11-16,GBP,1.0
2026-11-16,EUR,0.847221
2026-11-17,GBP,1.0
2026-11-17,EUR,0.846664
2026-11-18,GBP,1.0
2026-11-18,EUR,0.848496
2026-11-19,GBP,1.0
2026-11-19,EUR,0.847548
2026-11-20,GBP,1.0
2026-11-20,EUR,0.847014
2026-11-21,GBP,1.0
2026-11-21,EUR,0.847715
2026-11-22,GBP,1.0
2026-11-22,EUR,0.847181
2026-11-23,GBP,1.0
2026-11-23,EUR,0.845847
2026-11-24,GBP,1.0
2026-11-24,EUR,0.8448
2026-11-25,GBP,1.0
2026-11-25,EUR,0.845
2026-11-26,GBP,1.0
2026-11-26,EUR,0.844068
2026-11-27,GBP,1.0
2026-11-27,EUR,0.844093
2026-11-28,GBP,1.0
2026-11-28,EUR,0.841308
2026-11-29,GBP,1.0
2026-11-29,EUR,0.840706
2026-11-30,GBP,1.0
2026-11-30,EUR,0.840592
